threshold,f1,precision,recall
2.2159151737034345e-23,0.15876749382570857,0.08622892181911089,1.0
0.005025123831015736,0.5623430962343097,0.39183673469387753,0.9955555555555555
0.010050247662031471,0.6139789858382824,0.4438573315719947,0.9955555555555555
0.015075371493047208,0.6467757459095284,0.4789736279401283,0.9955555555555555
0.020100495324062943,0.6676602086438153,0.5022421524663677,0.9955555555555555
0.025125619155078677,0.682233502538071,0.518918918918919,0.9955555555555555
0.030150742986094416,0.6985446985446986,0.5380304243394716,0.9955555555555555
0.03517586681711015,0.711864406779661,0.5539983511953833,0.9955555555555555
0.040200990648125885,0.7218045112781954,0.5661331086773378,0.9955555555555555
0.04522611447914162,0.7296416938110749,0.5758354755784062,0.9955555555555555
0.050251238310157355,0.7360350492880613,0.5838401390095569,0.9955555555555555
0.05527636214117309,0.74090407938258,0.5899912203687445,0.9955555555555555
0.06030148597218883,0.7458379578246392,0.5962732919254659,0.9955555555555555
0.06532660980320457,0.7512576858580212,0.6032315978456014,0.9955555555555555
0.0703517336342203,0.7559055118110236,0.6092475067996374,0.9955555555555555
0.07537685746523604,0.7610419026047565,0.615948670944088,0.9955555555555555
0.08040198129625177,0.765375854214123,0.6216466234967623,0.9955555555555555
0.0854271051272675,0.7702005730659026,0.6280373831775701,0.9955555555555555
0.09045222895828324,0.7750865051903114,0.6345609065155807,0.9955555555555555
0.09547735278929897,0.7786790266512167,0.6393910561370124,0.9955555555555555
0.10050247662031471,0.7818499127399651,0.6436781609195402,0.9955555555555555
0.10552760045133044,0.7845884413309983,0.6473988439306358,0.9955555555555555
0.11055272428234618,0.7870967741935484,0.6514563106796116,0.9940740740740741
0.11557784811336191,0.7922077922077922,0.6584887144259077,0.9940740740740741
0.12060297194437766,0.7940828402366864,0.6610837438423646,0.9940740740740741
0.12562809577539338,0.7954949614700652,0.6630434782608695,0.9940740740740741
0.13065321960640913,0.7969121140142518,0.6650148662041625,0.9940740740740741
0.13567834343742485,0.7988095238095239,0.6676616915422886,0.9940740740740741
0.1407034672684406,0.8016726403823178,0.6716716716716716,0.9940740740740741
0.14572859109945632,0.8045563549160671,0.675730110775428,0.9940740740740741
0.15075371493047207,0.8074608904933814,0.6798378926038501,0.9940740740740741
0.1557788387614878,0.8089210367691381,0.681910569105691,0.9940740740740741
0.16080396259250354,0.8128407026044822,0.6875,0.9940740740740741
0.1658290864235193,0.813826561552456,0.688911704312115,0.9940740740740741
0.170854210254535,0.8158054711246201,0.6917525773195876,0.9940740740740741
0.17587933408555076,0.8172959805115713,0.6938986556359876,0.9940740740740741
0.18090445791656648,0.8197923029932804,0.6975051975051975,0.9940740740740741
0.18592958174758223,0.8218003674219229,0.7004175365344467,0.9940740740740741
0.19095470557859795,0.8243243243243243,0.7040923399790137,0.9940740740740741
0.1959798294096137,0.8263546798029556,0.7070600632244468,0.9940740740740741
0.20100495324062942,0.828395061728395,0.71005291005291,0.9940740740740741
0.20603007707164517,0.8299319727891157,0.7123142250530785,0.9940740740740741
0.2110552009026609,0.8330229671011794,0.7168803418803419,0.9940740740740741
0.21608032473367664,0.8345771144278606,0.7191854233654876,0.9940740740740741
0.22110544856469236,0.835096453018046,0.7199570815450643,0.9940740740740741
0.2261305723957081,0.8366583541147132,0.7222820236813778,0.9940740740740741
0.23115569622672383,0.8377028714107366,0.7238403451995685,0.9940740740740741
0.23618082005773958,0.8369768894440974,0.7235421166306696,0.9925925925925926
0.24120594388875533,0.8375,0.7243243243243244,0.9925925925925926
0.24623106771977105,0.83729662077597,0.7248104008667389,0.9911111111111112
0.25125619155078677,0.838871473354232,0.7271739130434782,0.9911111111111112
0.25628131538180254,0.838871473354232,0.7271739130434782,0.9911111111111112
0.26130643921281826,0.8404522613065326,0.7295528898582334,0.9911111111111112
0.266331563043834,0.8425692695214105,0.732749178532311,0.9911111111111112
0.2713566868748497,0.8441640378548896,0.7351648351648352,0.9911111111111112
0.2763818107058655,0.8452305748578648,0.736784140969163,0.9911111111111112
0.2814069345368812,0.8457648546144121,0.7375964718853363,0.9911111111111112
0.2864320583678969,0.8462998102466793,0.7384105960264901,0.9911111111111112
0.29145718219891265,0.8489847715736041,0.7425083240843507,0.9911111111111112
0.2964823060299284,0.8504137492043284,0.7455357142857143,0.9896296296296296
0.30150742986094414,0.851497769279796,0.7472035794183445,0.9896296296296296
0.30653255369195986,0.8525845564773452,0.7488789237668162,0.9896296296296296
0.3115576775229756,0.8542199488491049,0.7514060742407199,0.9896296296296296
0.31658280135399136,0.8558616271620756,0.7539503386004515,0.9896296296296296
0.3216079251850071,0.8569595894804362,0.755656108597285,0.9896296296296296
0.3266330490160228,0.8575096277278562,0.7565118912797282,0.9896296296296296
0.3316581728470386,0.8580603725112396,0.7573696145124716,0.9896296296296296
0.3366832966780543,0.8591639871382637,0.759090909090909,0.9896296296296296
0.34170842050907,0.8591639871382637,0.759090909090909,0.9896296296296296
0.34673354434008574,0.8619354838709677,0.7634285714285715,0.9896296296296296
0.3517586681711015,0.8636069812540401,0.7660550458715596,0.9896296296296296
0.35678379200211724,0.8636069812540401,0.7660550458715596,0.9896296296296296
0.36180891583313296,0.8641655886157826,0.7669345579793341,0.9896296296296296
0.3668340396641487,0.8647249190938512,0.767816091954023,0.9896296296296296
0.37185916349516446,0.8664072632944229,0.7704728950403691,0.9896296296296296
0.3768842873261802,0.8669695003244646,0.7713625866050808,0.9896296296296296
0.3819094111571959,0.8669695003244646,0.7713625866050808,0.9896296296296296
0.3869345349882116,0.8686605981794538,0.7740440324449595,0.9896296296296296
0.3919596588192274,0.8684895833333334,0.7746806039488966,0.9881481481481481
0.3969847826502431,0.8696219035202086,0.7764842840512224,0.9881481481481481
0.40200990648125884,0.8707571801566579,0.7782963827304551,0.9881481481481481
0.4070350303122746,0.8713259307642064,0.7792056074766355,0.9881481481481481
0.41206015414329034,0.8713259307642064,0.7792056074766355,0.9881481481481481
0.41708527797430606,0.8730366492146597,0.7819460726846424,0.9881481481481481
0.4221104018053218,0.8747540983606558,0.7847058823529411,0.9881481481481481
0.42713552563633755,0.8753280839895013,0.7856301531213192,0.9881481481481481
0.4321606494673533,0.8764783180026281,0.7874852420306966,0.9881481481481481
0.437185773298369,0.8764783180026281,0.7874852420306966,0.9881481481481481
0.4422108971293847,0.8776315789473684,0.7893491124260354,0.9881481481481481
0.4472360209604005,0.8787878787878788,0.7912218268090154,0.9881481481481481
0.4522611447914162,0.8787878787878788,0.7912218268090154,0.9881481481481481
0.45728626862243194,0.8787878787878788,0.7912218268090154,0.9881481481481481
0.46231139245344766,0.8811096433289299,0.7949940405244339,0.9881481481481481
0.46733651628446343,0.8828590337524818,0.7978468899521531,0.9881481481481481
0.47236164011547915,0.8834437086092716,0.7988023952095809,0.9881481481481481
0.4773867639464949,0.8840291583830351,0.7997601918465228,0.9881481481481481
0.48241188777751065,0.8846153846153846,0.8007202881152461,0.9881481481481481
0.48743701160852637,0.8852023888520238,0.8016826923076923,0.9881481481481481
0.4924621354395421,0.8863787375415283,0.8036144578313253,0.9881481481481481
0.4974872592705578,0.8863787375415283,0.8036144578313253,0.9881481481481481
0.5025123831015735,0.8863787375415283,0.8036144578313253,0.9881481481481481
0.5075375069325893,0.886968085106383,0.804583835946924,0.9881481481481481
0.5125626307636051,0.8875582168995343,0.8055555555555556,0.9881481481481481
0.5175877545946208,0.8881491344873502,0.8065296251511487,0.9881481481481481
0.5226128784256365,0.8885923949299533,0.808252427184466,0.9866666666666667
0.5276380022566522,0.8885923949299533,0.808252427184466,0.9866666666666667
0.532663126087668,0.8885923949299533,0.808252427184466,0.9866666666666667
0.5376882499186837,0.8891855807743658,0.8092345078979344,0.9866666666666667
0.5427133737496994,0.8897795591182365,0.8102189781021898,0.9866666666666667
0.5477384975807151,0.8903743315508021,0.8112058465286236,0.9866666666666667
0.552763621411731,0.8909698996655518,0.8121951219512196,0.9866666666666667
0.5577887452427467,0.891566265060241,0.8131868131868132,0.9866666666666667
0.5628138690737624,0.8939597315436242,0.8171779141104294,0.9866666666666667
0.5678389929047781,0.8939597315436242,0.8171779141104294,0.9866666666666667
0.5728641167357938,0.8939597315436242,0.8171779141104294,0.9866666666666667
0.5778892405668096,0.8939597315436242,0.8171779141104294,0.9866666666666667
0.5829143643978253,0.8945601074546675,0.8181818181818182,0.9866666666666667
0.5879394882288411,0.8951612903225806,0.8191881918819188,0.9866666666666667
0.5929646120598568,0.8951612903225806,0.8191881918819188,0.9866666666666667
0.5979897358908726,0.8963660834454913,0.8212083847102343,0.9866666666666667
0.6030148597218883,0.8963660834454913,0.8212083847102343,0.9866666666666667
0.608039983552904,0.896969696969697,0.8222222222222222,0.9866666666666667
0.6130651073839197,0.8975741239892183,0.823238566131026,0.9866666666666667
0.6180902312149354,0.8981793661496965,0.8242574257425742,0.9866666666666667
0.6231153550459512,0.8987854251012146,0.8252788104089219,0.9866666666666667
0.628140478876967,0.8986486486486487,0.8260869565217391,0.9851851851851852
0.6331656027079827,0.8992562542258282,0.8271144278606966,0.9851851851851852
0.6381907265389984,0.8998646820027063,0.8281444582814446,0.9851851851851852
0.6432158503700142,0.9004739336492891,0.8291770573566085,0.9851851851851852
0.6482409742010299,0.9016949152542373,0.83125,0.9851851851851852
0.6532660980320456,0.9016949152542373,0.83125,0.9851851851851852
0.6582912218630613,0.9009497964721845,0.8310387984981227,0.9837037037037037
0.6633163456940772,0.9009497964721845,0.8310387984981227,0.9837037037037037
0.6683414695250929,0.9015614392396469,0.8320802005012531,0.9837037037037037
0.6733665933561086,0.902787219578518,0.8341708542713567,0.9837037037037037
0.6783917171871243,0.902787219578518,0.8341708542713567,0.9837037037037037
0.68341684101814,0.9034013605442177,0.8352201257861636,0.9837037037037037
0.6884419648491558,0.9040163376446563,0.836272040302267,0.9837037037037037
0.6934670886801715,0.9040163376446563,0.836272040302267,0.9837037037037037
0.6984922125111872,0.9038854805725971,0.8371212121212122,0.9822222222222222
0.703517336342203,0.9043715846994536,0.8390367553865653,0.9807407407407407
0.7085424601732188,0.9043715846994536,0.8390367553865653,0.9807407407407407
0.7135675840042345,0.9043715846994536,0.8390367553865653,0.9807407407407407
0.7185927078352502,0.9048596851471595,0.8409669211195929,0.9792592592592593
0.7236178316662659,0.906721536351166,0.8441890166028098,0.9792592592592593
0.7286429554972816,0.906721536351166,0.8441890166028098,0.9792592592592593
0.7336680793282974,0.9073438572409059,0.8452685421994884,0.9792592592592593
0.7386932031593132,0.9084652443220922,0.8483290488431876,0.9777777777777777
0.7437183269903289,0.9084652443220922,0.8483290488431876,0.9777777777777777
0.7487434508213446,0.9090909090909091,0.8494208494208494,0.9777777777777777
0.7537685746523604,0.9089655172413793,0.8503225806451613,0.9762962962962963
0.7587936984833761,0.9089655172413793,0.8503225806451613,0.9762962962962963
0.7638188223143918,0.9095928226363009,0.851421188630491,0.9762962962962963
0.7688439461454075,0.9095928226363009,0.851421188630491,0.9762962962962963
0.7738690699764232,0.9094678645473393,0.8523316062176166,0.9748148148148148
0.7788941938074391,0.9107266435986159,0.8545454545454545,0.9748148148148148
0.7839193176384548,0.911988911988912,0.8567708333333334,0.9748148148148148
0.7889444414694705,0.911988911988912,0.8567708333333334,0.9748148148148148
0.7939695653004862,0.9118667591950035,0.8577023498694517,0.9733333333333334
0.798994689131502,0.9125,0.8588235294117647,0.9733333333333334
0.8040198129625177,0.9130132219902575,0.8608923884514436,0.9718518518518519
0.8090449367935334,0.9136490250696379,0.8620236530880421,0.9718518518518519
0.8140700606245492,0.9136490250696379,0.8620236530880421,0.9718518518518519
0.819095184455565,0.9128919860627178,0.8618421052631579,0.9703703703703703
0.8241203082865807,0.9135285913528591,0.8629776021080369,0.9703703703703703
0.8291454321175964,0.9154437456324249,0.8664021164021164,0.9703703703703703
0.8341705559486121,0.918009810791871,0.8710106382978723,0.9703703703703703
0.8391956797796278,0.9172510518934082,0.8708388814913449,0.9688888888888889
0.8442208036106436,0.9172510518934082,0.8708388814913449,0.9688888888888889
0.8492459274416593,0.9172510518934082,0.8708388814913449,0.9688888888888889
0.8542710512726751,0.919831223628692,0.8755020080321285,0.9688888888888889
0.8592961751036908,0.9204785362420831,0.8766756032171582,0.9688888888888889
0.8643212989347066,0.9197183098591549,0.876510067114094,0.9674074074074074
0.8693464227657223,0.9197183098591549,0.876510067114094,0.9674074074074074
0.874371546596738,0.9202540578687368,0.8787061994609164,0.965925925925926
0.8793966704277537,0.9202540578687368,0.8787061994609164,0.965925925925926
0.8844217942587694,0.9215547703180212,0.8810810810810811,0.965925925925926
0.8894469180897853,0.9227498228206945,0.8845108695652174,0.9644444444444444
0.894472041920801,0.9234042553191489,0.8857142857142857,0.9644444444444444
0.8994971657518167,0.9234042553191489,0.8857142857142857,0.9644444444444444
0.9045222895828324,0.9252669039145908,0.8904109589041096,0.9629629629629629
0.9095474134138481,0.9265858873841768,0.8928571428571429,0.9629629629629629
0.9145725372448639,0.9284692417739628,0.8976486860304288,0.9614814814814815
0.9195976610758796,0.9277022190408017,0.8975069252077562,0.96
0.9246227849068953,0.926829268292683,0.8984700973574409,0.957037037037037
0.9296479087379111,0.9273903666427031,0.9008379888268156,0.9555555555555556
0.9346730325689269,0.9293948126801153,0.9046283309957924,0.9555555555555556
0.9396981563999426,0.9312092686459088,0.9107648725212465,0.9525925925925925
0.9447232802309583,0.93033381712627,0.9118065433854907,0.9496296296296296
0.949748404061974,0.9301310043668122,0.9141630901287554,0.9466666666666667
0.9547735278929897,0.9254385964912281,0.9134199134199135,0.9377777777777778
0.9597986517240055,0.9236417033773862,0.9155749636098981,0.9318518518518518
0.9648237755550213,0.9255711127487104,0.9208211143695014,0.9303703703703704
0.969848899386037,0.9244444444444444,0.9244444444444444,0.9244444444444444
0.9748740232170527,0.9226190476190477,0.9267563527653214,0.9185185185185185
0.9798991470480685,0.9184741959611069,0.9274924471299094,0.9096296296296297
0.9849242708790842,0.9099167297501892,0.9303405572755418,0.8903703703703704
0.9899493947100999,0.8883720930232558,0.9317073170731708,0.8488888888888889
0.9949745185411156,0.8330578512396695,0.9420560747663551,0.7466666666666667
