threshold,precision,recall,f1_illicit,f1_macro,mcc,tp,fp,tn,fn,fpr,fnr,roc_auc,pr_auc,model,feature_set,seed,n_features
0.4918044775656281,0.9052132701421801,0.4681372549019608,0.617124394184168,0.8016173456591589,0.6402387180150928,191,20,8413,217,0.002371635242499703,0.5318627450980379,0.8475539895787557,0.5427722539929567,RandomForest,(i) base 165,42,165
0.49736285446409245,0.9317073170731708,0.4681372549019608,0.6231647634584013,0.80481572873254,0.6503066908312874,191,14,8419,217,0.0016601446697497922,0.5318627450980379,0.8462356393998368,0.5422333736411009,RandomForest,(i) base 165,43,165
0.49029229433446675,0.9009433962264151,0.4681372549019608,0.6161290322580645,0.8010899527718642,0.6386013192498317,191,21,8412,217,0.002490217004624688,0.5318627450980379,0.844520708793419,0.5428243706709477,RandomForest,(i) base 165,44,165
0.49812739866425837,0.927536231884058,0.47058823529411764,0.624390243902439,0.8054276760028982,0.6504686179132109,192,15,8418,216,0.0017787264318747773,0.529411764705881,0.8500552509631862,0.5450396894832215,RandomForest,(i) base 165,45,165
0.5458575719105889,0.95,0.46568627450980393,0.625,0.8058231814454726,0.6554057946772485,190,10,8423,218,0.0011858176212498515,0.5343137254901947,0.8464408323509649,0.5427987807257432,RandomForest,(i) base 165,46,165
0.47816415730338574,0.9466019417475728,0.47794117647058826,0.6351791530944625,0.8110275892024925,0.6628937125991263,195,11,8422,213,0.0013043993833748366,0.5220588235294105,0.8828053247861459,0.6218047475958165,RandomForest,(ii) base + INR,42,166
0.47899962994057255,0.946078431372549,0.4730392156862745,0.630718954248366,0.8087396763040307,0.6592080750287362,193,11,8422,215,0.0013043993833748366,0.5269607843137242,0.8772122183392508,0.6171628353230427,RandomForest,(ii) base + INR,43,166
0.4010663548461506,0.91324200913242,0.49019607843137253,0.6379585326953748,0.812324326447365,0.6586643822008236,200,19,8414,208,0.002253053480374718,0.5098039215686262,0.8709638604641429,0.6187744063443469,RandomForest,(ii) base + INR,44,166
0.4631218699863634,0.9509803921568627,0.47549019607843135,0.6339869281045751,0.8104322455402782,0.6627988130087441,194,10,8423,214,0.0011858176212498515,0.5245098039215673,0.879566851049681,0.6155760024373355,RandomForest,(ii) base + INR,45,166
0.4677383155125693,0.9368932038834952,0.4730392156862745,0.6286644951140065,0.8076530818668228,0.6557463556258963,193,13,8420,215,0.001541562907624807,0.5269607843137242,0.8745843825494148,0.6059037282818083,RandomForest,(ii) base + INR,46,166
0.3872421655835431,1.0,1.0,1.0,1.0,1.0,408,0,8433,0,0.0,0.0,1.0,1.0,RandomForest,(iii) base + SPTI,42,166
0.3932638409296962,1.0,1.0,1.0,1.0,1.0,408,0,8433,0,0.0,0.0,1.0,1.0,RandomForest,(iii) base + SPTI,43,166
0.41351287337566456,1.0,1.0,1.0,1.0,1.0,408,0,8433,0,0.0,0.0,1.0,1.0,RandomForest,(iii) base + SPTI,44,166
0.42983925990616145,1.0,0.9926470588235294,0.996309963099631,0.998066061044747,0.9961395760087057,405,0,8433,3,0.0,0.00735294117647057,0.9999999999999999,1.0,RandomForest,(iii) base + SPTI,45,166
0.44515842138720685,1.0,0.9975490196078431,0.9987730061349693,0.9993568593845534,0.9987145450591967,407,0,8433,1,0.0,0.0024509803921568566,1.0,0.9999999999999999,RandomForest,(iii) base + SPTI,46,166
0.4487457800143053,1.0,0.9975490196078431,0.9987730061349693,0.9993568593845534,0.9987145450591967,407,0,8433,1,0.0,0.0024509803921568566,1.0,1.0,RandomForest,(iv) base + INR + SPTI,42,167
0.4301268898884115,1.0,0.9901960784313726,0.9950738916256158,0.9974183921672832,0.9948500511749676,404,0,8433,4,0.0,0.009803921568627427,1.0,1.0,RandomForest,(iv) base + INR + SPTI,43,167
0.4421099389540729,1.0,0.9656862745098039,0.9825436408977556,0.9908571285057498,0.9818786853202895,394,0,8433,14,0.0,0.03431372549019599,1.0,0.9999999999999999,RandomForest,(iv) base + INR + SPTI,44,167
0.3961850643361357,1.0,1.0,1.0,1.0,1.0,408,0,8433,0,0.0,0.0,1.0,1.0,RandomForest,(iv) base + INR + SPTI,45,167
0.44036509636901094,1.0,1.0,1.0,1.0,1.0,408,0,8433,0,0.0,0.0,1.0,1.0,RandomForest,(iv) base + INR + SPTI,46,167
0.5927389758535729,0.8767123287671232,0.47058823529411764,0.6124401913875598,0.7990960851396902,0.6309155839628057,192,27,8406,216,0.003201707577374599,0.529411764705881,0.8554482506864953,0.5549094482965689,HistGradientBoosting,(i) base 165,42,165
0.6641451061310901,0.8935185185185185,0.4730392156862745,0.6185897435897436,0.8023186729438928,0.6391467897755536,193,23,8410,215,0.0027273805288746586,0.5269607843137242,0.8589266490421616,0.5537761333472556,HistGradientBoosting,(i) base 165,43,165
0.5998427147210118,0.8687782805429864,0.47058823529411764,0.6104928457869634,0.7980629361169614,0.6278084026549992,192,29,8404,216,0.0034388711016245695,0.529411764705881,0.8626573242839173,0.5529490194061911,HistGradientBoosting,(i) base 165,44,165
0.621365353925199,0.8888888888888888,0.47058823529411764,0.6153846153846154,0.8006574853215725,0.6356547930209145,192,24,8409,216,0.0028459622909996437,0.529411764705881,0.8801022128286866,0.5632721517742643,HistGradientBoosting,(i) base 165,45,165
0.5215635713700232,0.8427947598253275,0.4730392156862745,0.6059654631083202,0.7956198685444799,0.6191721908108725,193,36,8397,215,0.004268943436499466,0.5269607843137242,0.8679417693793988,0.5553898342371005,HistGradientBoosting,(i) base 165,46,165
0.29983944027242576,0.907563025210084,0.5294117647058824,0.6687306501547987,0.828084507984185,0.682898098012705,216,22,8411,192,0.002608798766749673,0.4705882352941165,0.9123465703131721,0.6742512819306041,HistGradientBoosting,(ii) base + INR,42,166
0.3359908231777978,0.9310344827586207,0.5294117647058824,0.675,0.8313974298791222,0.6923650729081051,216,16,8417,192,0.0018973081939997623,0.4705882352941165,0.9018799859561992,0.6756343671760658,HistGradientBoosting,(ii) base + INR,43,166
0.18608820671708692,0.8953488372093024,0.5661764705882353,0.6936936936936937,0.8408524885957891,0.7017471366197076,231,27,8406,177,0.003201707577374599,0.4338235294117636,0.9155677508759937,0.6864292174370416,HistGradientBoosting,(ii) base + INR,44,166
0.16036588440431054,0.879245283018868,0.571078431372549,0.6924219910846954,0.8401259817261327,0.6980012519329148,233,32,8401,175,0.0037946163879995247,0.4289215686274499,0.9109634070632877,0.6850191697266262,HistGradientBoosting,(ii) base + INR,45,166
0.23788576886081692,0.8983739837398373,0.5416666666666666,0.6758409785932722,0.831695448187874,0.6871939453651963,221,25,8408,187,0.0029645440531246288,0.4583333333333322,0.9107329282952361,0.6755289787257038,HistGradientBoosting,(ii) base + INR,46,166
0.9647590561639767,1.0,1.0,1.0,1.0,1.0,408,0,8433,0,0.0,0.0,1.0,1.0,HistGradientBoosting,(iii) base + SPTI,42,166
0.9647590561639767,1.0,1.0,1.0,1.0,1.0,408,0,8433,0,0.0,0.0,1.0,1.0,HistGradientBoosting,(iii) base + SPTI,43,166
0.9647590561639767,1.0,1.0,1.0,1.0,1.0,408,0,8433,0,0.0,0.0,1.0,1.0,HistGradientBoosting,(iii) base + SPTI,44,166
0.9647590561639767,1.0,1.0,1.0,1.0,1.0,408,0,8433,0,0.0,0.0,1.0,1.0,HistGradientBoosting,(iii) base + SPTI,45,166
0.9647590561639767,1.0,1.0,1.0,1.0,1.0,408,0,8433,0,0.0,0.0,1.0,1.0,HistGradientBoosting,(iii) base + SPTI,46,166
0.9647590561639767,1.0,1.0,1.0,1.0,1.0,408,0,8433,0,0.0,0.0,1.0,1.0,HistGradientBoosting,(iv) base + INR + SPTI,42,167
0.9647590561639767,1.0,1.0,1.0,1.0,1.0,408,0,8433,0,0.0,0.0,1.0,1.0,HistGradientBoosting,(iv) base + INR + SPTI,43,167
0.9647590561639767,1.0,1.0,1.0,1.0,1.0,408,0,8433,0,0.0,0.0,1.0,1.0,HistGradientBoosting,(iv) base + INR + SPTI,44,167
0.9647590561639767,1.0,1.0,1.0,1.0,1.0,408,0,8433,0,0.0,0.0,1.0,1.0,HistGradientBoosting,(iv) base + INR + SPTI,45,167
0.9647590561639767,1.0,1.0,1.0,1.0,1.0,408,0,8433,0,0.0,0.0,1.0,1.0,HistGradientBoosting,(iv) base + INR + SPTI,46,167
