threshold,precision,recall,f1_illicit,f1_macro,mcc,tp,fp,tn,fn,fpr,fnr,roc_auc,pr_auc,protocol,seed,n_train,n_test
0.4918044775656281,0.9052132701421801,0.4681372549019608,0.617124394184168,0.8016173456591589,0.6402387180150928,191,20,8413,217,0.002371635242499703,0.5318627450980379,0.8475539895787557,0.5427722539929567,"A_this_study (train 1-34, val 35-41, test 42-49)",42,29894,8841
0.49736285446409245,0.9317073170731708,0.4681372549019608,0.6231647634584013,0.80481572873254,0.6503066908312874,191,14,8419,217,0.0016601446697497922,0.5318627450980379,0.8462356393998368,0.5422333736411009,"A_this_study (train 1-34, val 35-41, test 42-49)",43,29894,8841
0.49029229433446675,0.9009433962264151,0.4681372549019608,0.6161290322580645,0.8010899527718642,0.6386013192498317,191,21,8412,217,0.002490217004624688,0.5318627450980379,0.844520708793419,0.5428243706709478,"A_this_study (train 1-34, val 35-41, test 42-49)",44,29894,8841
0.4981273986642583,0.927536231884058,0.47058823529411764,0.624390243902439,0.8054276760028982,0.6504686179132109,192,15,8418,216,0.0017787264318747773,0.529411764705881,0.8500552509631862,0.5450396894832215,"A_this_study (train 1-34, val 35-41, test 42-49)",45,29894,8841
0.5458575719105889,0.95,0.46568627450980393,0.625,0.8058231814454726,0.6554057946772485,190,10,8423,218,0.0011858176212498515,0.5343137254901947,0.8464408323509649,0.5427987807257432,"A_this_study (train 1-34, val 35-41, test 42-49)",46,29894,8841
0.3014967603504412,0.7619047619047619,0.7239150507848569,0.7424242424242424,0.8625019892792405,0.7252863857111547,784,245,15342,299,0.015718226727401037,0.27608494921514287,0.9179604946968793,0.7826033681533843,"B_literature (train 1-25, val 26-34, test 35-49)",42,24200,16670
0.3296900222838147,0.8247096092925026,0.7211449676823638,0.7694581280788177,0.8772554134485433,0.7565085945533406,781,166,15421,302,0.010649900558157437,0.278855032317636,0.9177318907172269,0.7830317647800092,"B_literature (train 1-25, val 26-34, test 35-49)",43,24200,16670
0.30560808295401964,0.7403574788334901,0.7266851338873499,0.7334575955265611,0.8575603679370318,0.7151579167561044,787,276,15311,296,0.01770706357862321,0.2733148661126498,0.9021011306329865,0.7786724700995269,"B_literature (train 1-25, val 26-34, test 35-49)",44,24200,16670
0.33142463224566315,0.8335112059765208,0.7211449676823638,0.7732673267326733,0.8793220413995423,0.7609795341628487,781,156,15431,302,0.010008340283569641,0.278855032317636,0.9127734532192079,0.7811951779076391,"B_literature (train 1-25, val 26-34, test 35-49)",45,24200,16670
0.35201873957539204,0.8964326812428078,0.7192982456140351,0.798155737704918,0.8928015849222946,0.7911376090478804,779,90,15497,304,0.005774042471290177,0.2807017543859647,0.9133569294818628,0.7809124382811634,"B_literature (train 1-25, val 26-34, test 35-49)",46,24200,16670
