threshold,precision,recall,f1_illicit,f1_macro,mcc,tp,fp,tn,fn,fpr,fnr,roc_auc,pr_auc,protocol,seed,time_step,n_nodes,n_illicit
0.4918044775656281,0.9894736842105263,0.7866108786610879,0.8764568764568764,0.9313967805847156,0.8699989892965913,188,2,1913,51,0.0010443864229765008,0.21338912133891125,0.9569267072331407,0.8852684755960759,"A_this_study (train 1-34, val 35-41, test 42-49)",42,42,2154,239
0.4918044775656281,0.0,0.0,0.0,0.4953959484346225,-0.0036089541686937826,0,1,1345,24,0.000742942050520059,0.9999999999999584,0.7768697374938087,0.0407854960905761,"A_this_study (train 1-34, val 35-41, test 42-49)",42,43,1370,24
0.4918044775656281,0.08333333333333333,0.041666666666666664,0.05555555555555555,0.5223740905559088,0.048811551100728656,1,11,1556,23,0.007019783024888318,0.9583333333332935,0.7609019357583493,0.0717712043975663,"A_this_study (train 1-34, val 35-41, test 42-49)",42,44,1591,24
0.4918044775656281,0.0,0.0,0.0,0.49835661462612985,-0.0031824031665458855,0,3,1213,5,0.002467105263157893,0.9999999999997999,0.7202302631578947,0.008445423693912938,"A_this_study (train 1-34, val 35-41, test 42-49)",42,45,1221,5
0.4918044775656281,0.5,0.5,0.5,0.7492957746478873,0.49859154929577465,1,1,709,1,0.00140845070422535,0.49999999999975,0.9091549295774647,0.5076335877862596,"A_this_study (train 1-34, val 35-41, test 42-49)",42,46,712,2
0.4918044775656281,0.0,0.0,0.0,0.4934131736526946,0.0,0,0,824,22,0.0,0.9999999999999546,0.6312334510150044,0.03367894893055888,"A_this_study (train 1-34, val 35-41, test 42-49)",42,47,846,22
0.4918044775656281,0.0,0.0,0.0,0.48013245033112584,0.0,0,0,435,36,0.0,0.9999999999999721,0.7754150702426564,0.14872369710417357,"A_this_study (train 1-34, val 35-41, test 42-49)",42,48,471,36
0.4918044775656281,0.3333333333333333,0.017857142857142856,0.03389830508474576,0.4850342589253516,0.053313949966044646,1,2,418,55,0.00476190476190475,0.9821428571428396,0.7866496598639455,0.23491161662871185,"A_this_study (train 1-34, val 35-41, test 42-49)",42,49,476,56
0.49736285446409245,0.9894736842105263,0.7866108786610879,0.8764568764568764,0.9313967805847156,0.8699989892965913,188,2,1913,51,0.0010443864229765008,0.21338912133891125,0.9545670056916875,0.8846953917805052,"A_this_study (train 1-34, val 35-41, test 42-49)",43,42,2154,239
0.49736285446409245,0.0,0.0,0.0,0.4953959484346225,-0.0036089541686937826,0,1,1345,24,0.000742942050520059,0.9999999999999584,0.7897783556215949,0.040886800935227764,"A_this_study (train 1-34, val 35-41, test 42-49)",43,43,1370,24
0.49736285446409245,0.14285714285714285,0.041666666666666664,0.06451612903225806,0.5276563507744597,0.06968481836166349,1,6,1561,23,0.0038289725590299915,0.9583333333332935,0.7507977026164646,0.07061954532513667,"A_this_study (train 1-34, val 35-41, test 42-49)",43,44,1591,24
0.49736285446409245,0.0,0.0,0.0,0.49856262833675563,-0.0025973552855766526,0,2,1214,5,0.001644736842105262,0.9999999999997999,0.7440789473684211,0.009209848310819687,"A_this_study (train 1-34, val 35-41, test 42-49)",43,45,1221,5
0.49736285446409245,0.5,0.5,0.5,0.7492957746478873,0.49859154929577465,1,1,709,1,0.00140845070422535,0.49999999999975,0.8866197183098591,0.5061349693251533,"A_this_study (train 1-34, val 35-41, test 42-49)",43,46,712,2
0.49736285446409245,0.0,0.0,0.0,0.49310964649490713,-0.005621075001548533,0,1,823,22,0.0012135922330097073,0.9999999999999546,0.6477272727272727,0.03516870533360136,"A_this_study (train 1-34, val 35-41, test 42-49)",43,47,846,22
0.49736285446409245,0.0,0.0,0.0,0.48013245033112584,0.0,0,0,435,36,0.0,0.9999999999999721,0.7648148148148148,0.14035286252554033,"A_this_study (train 1-34, val 35-41, test 42-49)",43,48,471,36
0.49736285446409245,0.5,0.017857142857142856,0.034482758620689655,0.48592146879580345,0.07708654058785551,1,1,419,55,0.002380952380952375,0.9821428571428396,0.7852465986394558,0.2347232155120344,"A_this_study (train 1-34, val 35-41, test 42-49)",43,49,476,56
0.49029229433446675,0.9842931937172775,0.7866108786610879,0.8744186046511628,0.9302469505978868,0.8673625571291887,188,3,1912,51,0.0015665796344647512,0.21338912133891125,0.9566251898139551,0.8869961977289708,"A_this_study (train 1-34, val 35-41, test 42-49)",44,42,2154,239
0.49029229433446675,0.0,0.0,0.0,0.4953959484346225,-0.0036089541686937826,0,1,1345,24,0.000742942050520059,0.9999999999999584,0.7691926696384349,0.037604655618706385,"A_this_study (train 1-34, val 35-41, test 42-49)",44,43,1370,24
0.49029229433446675,0.08333333333333333,0.041666666666666664,0.05555555555555555,0.5223740905559088,0.048811551100728656,1,11,1556,23,0.007019783024888318,0.9583333333332935,0.7333546054031057,0.04192536699965585,"A_this_study (train 1-34, val 35-41, test 42-49)",44,44,1591,24
0.49029229433446675,0.0,0.0,0.0,0.49856262833675563,-0.0025973552855766526,0,2,1214,5,0.001644736842105262,0.9999999999997999,0.7481907894736842,0.00929662559544199,"A_this_study (train 1-34, val 35-41, test 42-49)",44,45,1221,5
0.49029229433446675,0.3333333333333333,0.5,0.4,0.6989429175475688,0.4062344815194548,1,2,708,1,0.0028169014084507,0.49999999999975,0.8964788732394366,0.5067114093959731,"A_this_study (train 1-34, val 35-41, test 42-49)",44,46,712,2
0.49029229433446675,0.0,0.0,0.0,0.49310964649490713,-0.005621075001548533,0,1,823,22,0.0012135922330097073,0.9999999999999546,0.6126434245366285,0.03181016450072876,"A_this_study (train 1-34, val 35-41, test 42-49)",44,47,846,22
0.49029229433446675,0.0,0.0,0.0,0.48013245033112584,0.0,0,0,435,36,0.0,0.9999999999999721,0.7611749680715199,0.1435614584264944,"A_this_study (train 1-34, val 35-41, test 42-49)",44,48,471,36
0.49029229433446675,0.5,0.017857142857142856,0.034482758620689655,0.48592146879580345,0.07708654058785551,1,1,419,55,0.002380952380952375,0.9821428571428396,0.7927295918367346,0.24108075057590633,"A_this_study (train 1-34, val 35-41, test 42-49)",44,49,476,56
0.4981273986642583,0.9947368421052631,0.7907949790794979,0.8811188811188811,0.9339855813173679,0.8752111142303817,189,1,1914,50,0.0005221932114882504,0.20920502092050122,0.9582595016222948,0.8879011065695447,"A_this_study (train 1-34, val 35-41, test 42-49)",45,42,2154,239
0.4981273986642583,0.0,0.0,0.0,0.4953959484346225,-0.0036089541686937826,0,1,1345,24,0.000742942050520059,0.9999999999999584,0.7863422486379397,0.03990981807185748,"A_this_study (train 1-34, val 35-41, test 42-49)",45,43,1370,24
0.4981273986642583,0.1111111111111111,0.041666666666666664,0.06060606060606061,0.5253808327800071,0.059420743935002865,1,8,1559,23,0.005105296745373322,0.9583333333332935,0.7475803020633908,0.04380748277466607,"A_this_study (train 1-34, val 35-41, test 42-49)",45,44,1591,24
0.4981273986642583,0.0,0.0,0.0,0.49856262833675563,-0.0025973552855766526,0,2,1214,5,0.001644736842105262,0.9999999999997999,0.7274671052631579,0.008560818425353106,"A_this_study (train 1-34, val 35-41, test 42-49)",45,45,1221,5
0.4981273986642583,0.5,0.5,0.5,0.7492957746478873,0.49859154929577465,1,1,709,1,0.00140845070422535,0.49999999999975,0.9077464788732393,0.5075187969924813,"A_this_study (train 1-34, val 35-41, test 42-49)",45,46,712,2
0.4981273986642583,0.0,0.0,0.0,0.49310964649490713,-0.005621075001548533,0,1,823,22,0.0012135922330097073,0.9999999999999546,0.6529126213592233,0.03537941544695312,"A_this_study (train 1-34, val 35-41, test 42-49)",45,47,846,22
0.4981273986642583,0.0,0.0,0.0,0.48013245033112584,0.0,0,0,435,36,0.0,0.9999999999999721,0.7604086845466156,0.13873682494034895,"A_this_study (train 1-34, val 35-41, test 42-49)",45,48,471,36
0.4981273986642583,0.5,0.017857142857142856,0.034482758620689655,0.48592146879580345,0.07708654058785551,1,1,419,55,0.002380952380952375,0.9821428571428396,0.8001700680272109,0.24652604313830317,"A_this_study (train 1-34, val 35-41, test 42-49)",45,49,476,56
0.5458575719105889,1.0,0.7824267782426778,0.8779342723004695,0.9322695575824862,0.8727785455633593,187,0,1915,52,0.0,0.21757322175732127,0.9598544850716104,0.8863174841651039,"A_this_study (train 1-34, val 35-41, test 42-49)",46,42,2154,239
0.5458575719105889,0.0,0.0,0.0,0.4955817378497791,0.0,0,0,1346,24,0.0,0.9999999999999584,0.7588533927686973,0.03771160801789406,"A_this_study (train 1-34, val 35-41, test 42-49)",46,43,1370,24
0.5458575719105889,0.14285714285714285,0.041666666666666664,0.06451612903225806,0.5276563507744597,0.06968481836166349,1,6,1561,23,0.0038289725590299915,0.9583333333332935,0.7669112954690491,0.07246664739253465,"A_this_study (train 1-34, val 35-41, test 42-49)",46,44,1591,24
0.5458575719105889,0.0,0.0,0.0,0.49856262833675563,-0.0025973552855766526,0,2,1214,5,0.001644736842105262,0.9999999999997999,0.7319078947368421,0.009254123132669309,"A_this_study (train 1-34, val 35-41, test 42-49)",46,45,1221,5
0.5458575719105889,0.5,0.5,0.5,0.7492957746478873,0.49859154929577465,1,1,709,1,0.00140845070422535,0.49999999999975,0.9147887323943663,0.508130081300813,"A_this_study (train 1-34, val 35-41, test 42-49)",46,46,712,2
0.5458575719105889,0.0,0.0,0.0,0.49310964649490713,-0.005621075001548533,0,1,823,22,0.0012135922330097073,0.9999999999999546,0.6556707855251545,0.03547327516950255,"A_this_study (train 1-34, val 35-41, test 42-49)",46,47,846,22
0.5458575719105889,0.0,0.0,0.0,0.48013245033112584,0.0,0,0,435,36,0.0,0.9999999999999721,0.724808429118774,0.13127423910458633,"A_this_study (train 1-34, val 35-41, test 42-49)",46,48,471,36
0.5458575719105889,1.0,0.017857142857142856,0.03508771929824561,0.4868176026658826,0.12565617248750865,1,0,420,55,0.0,0.9821428571428396,0.7943877551020408,0.24129068439728513,"A_this_study (train 1-34, val 35-41, test 42-49)",46,49,476,56
0.3014967603504412,0.9214659685863874,0.967032967032967,0.9436997319034852,0.9673024428248478,0.9349782434042438,176,15,1144,6,0.012942191544434847,0.03296703296703279,0.9961173425366696,0.9873184148675694,"B_literature (train 1-25, val 26-34, test 35-49)",42,35,1341,182
0.3014967603504412,0.6,1.0,0.75,0.8716947115384616,0.7694929518748528,33,22,1653,0,0.013134328358208948,0.0,0.9997467209407508,0.9878714952534348,"B_literature (train 1-25, val 26-34, test 35-49)",42,36,1708,33
0.3014967603504412,1.0,0.65,0.7878787878787878,0.8864125122189639,0.7941790345904699,26,0,458,14,0.0,0.3499999999999912,0.9151200873362446,0.7721801969353526,"B_literature (train 1-25, val 26-34, test 35-49)",42,37,498,40
0.3014967603504412,0.9259259259259259,0.9009009009009009,0.91324200913242,0.9492737501191876,0.8986660246608268,100,8,637,11,0.01240310077519378,0.09909909909909821,0.9682240379914799,0.9451294048180284,"B_literature (train 1-25, val 26-34, test 35-49)",42,38,756,111
0.3014967603504412,0.7894736842105263,0.9259259259259259,0.8522727272727273,0.9202002905770029,0.843599438273457,75,20,1082,6,0.01814882032667875,0.07407407407407317,0.9858842508570277,0.9499029220434569,"B_literature (train 1-25, val 26-34, test 35-49)",42,39,1183,81
0.3014967603504412,0.7956989247311828,0.6607142857142857,0.7219512195121951,0.8481204000132018,0.7000740517461715,74,19,1080,38,0.017288444040036384,0.33928571428571125,0.8951806837384636,0.7570858452979974,"B_literature (train 1-25, val 26-34, test 35-49)",42,40,1211,112
0.3014967603504412,0.9310344827586207,0.9310344827586207,0.9310344827586207,0.9615802335052945,0.9231604670105892,108,8,1008,8,0.007874015748031487,0.06896551724137871,0.9824107385283736,0.9643375089756623,"B_literature (train 1-25, val 26-34, test 35-49)",42,41,1132,116
0.3014967603504412,0.9219512195121952,0.7907949790794979,0.8513513513513513,0.9171353030048682,0.8374357012101074,189,16,1899,50,0.008355091383812007,0.20920502092050122,0.9542829675431794,0.880525118334541,"B_literature (train 1-25, val 26-34, test 35-49)",42,42,2154,239
0.3014967603504412,0.0,0.0,0.0,0.4944649446494465,-0.00885628391958432,0,6,1340,24,0.004457652303120354,0.9999999999999584,0.8053491827637445,0.043093577029609156,"B_literature (train 1-25, val 26-34, test 35-49)",42,43,1370,24
0.3014967603504412,0.02040816326530612,0.041666666666666664,0.0273972602739726,0.5022801676088422,0.007785163731621812,1,48,1519,23,0.030631780472239932,0.9583333333332935,0.7075090406296533,0.034874691156180054,"B_literature (train 1-25, val 26-34, test 35-49)",42,44,1591,24
0.3014967603504412,0.0,0.0,0.0,0.4893350062735257,-0.012687562576040388,0,46,1170,5,0.037828947368421025,0.9999999999997999,0.6208881578947368,0.0068261690115981166,"B_literature (train 1-25, val 26-34, test 35-49)",42,45,1221,5
0.3014967603504412,0.047619047619047616,0.5,0.08695652173913043,0.5359836141886231,0.14759850528562674,1,20,690,1,0.028169014084507,0.49999999999975,0.8816901408450704,0.2559171597633136,"B_literature (train 1-25, val 26-34, test 35-49)",42,46,712,2
0.3014967603504412,0.0,0.0,0.0,0.49250149970005996,-0.009747529867994788,0,3,821,22,0.0036407766990291216,0.9999999999999546,0.575518534863195,0.029663522818264003,"B_literature (train 1-25, val 26-34, test 35-49)",42,47,846,22
0.3014967603504412,0.0,0.0,0.0,0.47898230088495575,-0.01878603808208525,0,2,433,36,0.004597701149425277,0.9999999999999721,0.7056194125159643,0.12437325364480106,"B_literature (train 1-25, val 26-34, test 35-49)",42,48,471,36
0.3014967603504412,0.07692307692307693,0.017857142857142856,0.028985507246376812,0.4765539087760763,-0.02117969542404999,1,12,408,55,0.0285714285714285,0.9821428571428396,0.7511054421768707,0.22467046627093187,"B_literature (train 1-25, val 26-34, test 35-49)",42,49,476,56
0.3296900222838147,0.9411764705882353,0.967032967032967,0.9539295392953929,0.9732898885409087,0.946698193868262,176,11,1148,6,0.009490940465918888,0.03296703296703279,0.9955437142667514,0.9884109703511498,"B_literature (train 1-25, val 26-34, test 35-49)",43,35,1341,182
0.3296900222838147,0.673469387755102,1.0,0.8048780487804879,0.900039504294263,0.8167228705838687,33,16,1659,0,0.009552238805970144,0.0,0.9998914518317503,0.9948773448773448,"B_literature (train 1-25, val 26-34, test 35-49)",43,36,1708,33
0.3296900222838147,1.0,0.6,0.75,0.8664163090128756,0.7614110817705755,24,0,458,16,0.0,0.39999999999999,0.9222161572052402,0.7774029892260792,"B_literature (train 1-25, val 26-34, test 35-49)",43,37,498,40
0.3296900222838147,0.9351851851851852,0.9099099099099099,0.9223744292237442,0.9546133553697994,0.9093462660404971,101,7,638,10,0.010852713178294556,0.09009009009008928,0.9651651651651653,0.9443364303798024,"B_literature (train 1-25, val 26-34, test 35-49)",43,38,756,111
0.3296900222838147,0.872093023255814,0.9259259259259259,0.8982035928143712,0.9452364030465672,0.8909425996170895,75,11,1091,6,0.009981851179673313,0.07407407407407317,0.9893347673141986,0.9544579679514982,"B_literature (train 1-25, val 26-34, test 35-49)",43,39,1183,81
0.3296900222838147,0.8588235294117647,0.6517857142857143,0.7411167512690355,0.8590977014772143,0.7267698515247566,73,12,1087,39,0.01091901728844403,0.34821428571428265,0.8899080332770051,0.7576715638914264,"B_literature (train 1-25, val 26-34, test 35-49)",43,40,1211,112
0.3296900222838147,0.9642857142857143,0.9310344827586207,0.9473684210526315,0.9707372557129562,0.941655721608163,108,4,1012,8,0.003937007874015744,0.06896551724137871,0.9853634944338854,0.9663299551894835,"B_literature (train 1-25, val 26-34, test 35-49)",43,41,1132,116
0.3296900222838147,0.9353233830845771,0.7866108786610879,0.8545454545454545,0.9189997179655918,0.8420344823595504,188,13,1902,51,0.006788511749347255,0.21338912133891125,0.9564416574718421,0.8812702553355313,"B_literature (train 1-25, val 26-34, test 35-49)",43,42,2154,239
0.3296900222838147,0.0,0.0,0.0,0.49502395871728716,-0.006255463019160538,0,3,1343,24,0.002228826151560177,0.9999999999999584,0.7835252600297177,0.04286045057585129,"B_literature (train 1-25, val 26-34, test 35-49)",43,43,1370,24
0.3296900222838147,0.023255813953488372,0.041666666666666664,0.029850746268656716,0.5044919862964472,0.011172541662756592,1,42,1525,23,0.02680280791320994,0.9583333333332935,0.6724101255052116,0.03351512936619085,"B_literature (train 1-25, val 26-34, test 35-49)",43,44,1591,24
0.3296900222838147,0.0,0.0,0.0,0.49336099585062243,-0.009642683969679636,0,27,1189,5,0.022203947368421035,0.9999999999997999,0.6916118421052633,0.0077479664336761855,"B_literature (train 1-25, val 26-34, test 35-49)",43,45,1221,5
0.3296900222838147,0.1,0.5,0.16666666666666666,0.5797922568460813,0.21917618646709103,1,9,701,1,0.01267605633802815,0.49999999999975,0.8852112676056338,0.25609756097560976,"B_literature (train 1-25, val 26-34, test 35-49)",43,46,712,2
0.3296900222838147,0.0,0.0,0.0,0.49310964649490713,-0.005621075001548533,0,1,823,22,0.0012135922330097073,0.9999999999999546,0.5901919682259488,0.0302288088732329,"B_literature (train 1-25, val 26-34, test 35-49)",43,47,846,22
0.3296900222838147,0.0,0.0,0.0,0.47898230088495575,-0.01878603808208525,0,2,433,36,0.004597701149425277,0.9999999999999721,0.7363984674329501,0.13746600184036686,"B_literature (train 1-25, val 26-34, test 35-49)",43,48,471,36
0.3296900222838147,0.1111111111111111,0.017857142857142856,0.03076923076923077,0.47987165033388257,-0.0028161752517583253,1,8,412,55,0.019047619047619,0.9821428571428396,0.7649659863945578,0.22120800340997962,"B_literature (train 1-25, val 26-34, test 35-49)",43,49,476,56
0.30560808295401964,0.9411764705882353,0.967032967032967,0.9539295392953929,0.9732898885409087,0.946698193868262,176,11,1148,6,0.009490940465918888,0.03296703296703279,0.9957665285534137,0.9874646738858799,"B_literature (train 1-25, val 26-34, test 35-49)",44,35,1341,182
0.30560808295401964,0.5689655172413793,1.0,0.7252747252747253,0.8588779641411219,0.7486477773933383,33,25,1650,0,0.01492537313432835,0.0,0.9998190863862505,0.9923046824051127,"B_literature (train 1-25, val 26-34, test 35-49)",44,36,1708,33
0.30560808295401964,0.9629629629629629,0.65,0.7761194029850746,0.8799865045065309,0.7775395113886038,26,1,457,14,0.002183406113537113,0.3499999999999912,0.8918668122270742,0.7617033617348712,"B_literature (train 1-25, val 26-34, test 35-49)",44,37,498,40
0.30560808295401964,0.9345794392523364,0.9009009009009009,0.9174311926605505,0.951760418586844,0.903734017112103,100,7,638,11,0.010852713178294556,0.09909909909909821,0.9555834904672114,0.9404810498190372,"B_literature (train 1-25, val 26-34, test 35-49)",44,38,756,111
0.30560808295401964,0.7894736842105263,0.9259259259259259,0.8522727272727273,0.9202002905770029,0.843599438273457,75,20,1082,6,0.01814882032667875,0.07407407407407317,0.9887634155631736,0.95385492206624,"B_literature (train 1-25, val 26-34, test 35-49)",44,39,1183,81
0.30560808295401964,0.7835051546391752,0.6785714285714286,0.7272727272727273,0.8507579180873353,0.7038334881967034,76,21,1078,36,0.019108280254777055,0.32142857142856857,0.8907367086962175,0.7585103666648667,"B_literature (train 1-25, val 26-34, test 35-49)",44,40,1211,112
0.30560808295401964,0.9230769230769231,0.9310344827586207,0.927038626609442,0.9593341828271238,0.9186790512223778,108,9,1007,8,0.008858267716535424,0.06896551724137871,0.9834713548737443,0.9657048845263632,"B_literature (train 1-25, val 26-34, test 35-49)",44,41,1132,116
0.30560808295401964,0.892018779342723,0.7949790794979079,0.8407079646017699,0.9110178827158226,0.8238063505820895,190,23,1892,49,0.01201044386422976,0.2050209205020912,0.9470836929329123,0.8761396674706055,"B_literature (train 1-25, val 26-34, test 35-49)",44,42,2154,239
0.30560808295401964,0.0,0.0,0.0,0.4933431952662722,-0.012552314989585547,0,12,1334,24,0.008915304606240708,0.9999999999999584,0.8057825656265478,0.042875861179332106,"B_literature (train 1-25, val 26-34, test 35-49)",44,43,1370,24
0.30560808295401964,0.015625,0.041666666666666664,0.022727272727272728,0.49746576952459304,0.0009072209380385207,1,63,1504,23,0.04020421186981491,0.9583333333332935,0.6795362688789619,0.032534469332205454,"B_literature (train 1-25, val 26-34, test 35-49)",44,44,1591,24
0.30560808295401964,0.0,0.0,0.0,0.4891213389121339,-0.01283019021859998,0,47,1169,5,0.03865131578947366,0.9999999999997999,0.6356907894736842,0.007856455089987542,"B_literature (train 1-25, val 26-34, test 35-49)",44,45,1221,5
0.30560808295401964,0.05555555555555555,0.5,0.1,0.5435897435897437,0.16050424976818312,1,17,693,1,0.02394366197183095,0.49999999999975,0.7908450704225352,0.2533557046979866,"B_literature (train 1-25, val 26-34, test 35-49)",44,46,712,2
0.30560808295401964,0.0,0.0,0.0,0.4918918918918919,-0.012598961210367401,0,5,819,22,0.006067961165048536,0.9999999999999546,0.479368932038835,0.024036736310310232,"B_literature (train 1-25, val 26-34, test 35-49)",44,47,846,22
0.30560808295401964,0.0,0.0,0.0,0.47898230088495575,-0.01878603808208525,0,2,433,36,0.004597701149425277,0.9999999999999721,0.6416347381864623,0.10021824866768006,"B_literature (train 1-25, val 26-34, test 35-49)",44,48,471,36
0.30560808295401964,0.07142857142857142,0.017857142857142856,0.02857142857142857,0.47573696145124716,-0.024971639242146463,1,13,407,55,0.030952380952380877,0.9821428571428396,0.5649234693877552,0.13956965889149364,"B_literature (train 1-25, val 26-34, test 35-49)",44,49,476,56
0.33142463224566315,0.9565217391304348,0.967032967032967,0.9617486338797814,0.9778518644355729,0.9557230734334349,176,8,1151,6,0.006902502157031918,0.03296703296703279,0.995799713659938,0.9879259981739322,"B_literature (train 1-25, val 26-34, test 35-49)",45,35,1341,182
0.33142463224566315,0.717391304347826,1.0,0.8354430379746836,0.9157736616304344,0.8436963264347279,33,13,1662,0,0.0077611940298507424,0.0,0.9998914518317503,0.9949414655297008,"B_literature (train 1-25, val 26-34, test 35-49)",45,36,1708,33
0.33142463224566315,1.0,0.625,0.7692307692307693,0.876559530694869,0.7779329688455898,25,0,458,15,0.0,0.3749999999999906,0.9361899563318777,0.7898097192193576,"B_literature (train 1-25, val 26-34, test 35-49)",45,37,498,40
0.33142463224566315,0.9433962264150944,0.9009009009009009,0.9216589861751152,0.9542657865238511,0.9088686044521826,100,6,639,11,0.009302325581395335,0.09909909909909821,0.9658076681332495,0.9441425617668627,"B_literature (train 1-25, val 26-34, test 35-49)",45,38,756,111
0.33142463224566315,0.8928571428571429,0.9259259259259259,0.9090909090909091,0.9511379125191028,0.9024506230389185,75,9,1093,6,0.008166969147005439,0.07407407407407317,0.9869933454325469,0.9542576392173399,"B_literature (train 1-25, val 26-34, test 35-49)",45,39,1183,81
0.33142463224566315,0.8470588235294118,0.6428571428571429,0.7309644670050761,0.8535721211429874,0.7156125896280682,72,13,1086,40,0.011828935395814366,0.357142857142854,0.8938686143247108,0.7555502641639196,"B_literature (train 1-25, val 26-34, test 35-49)",45,40,1211,112
0.33142463224566315,0.972972972972973,0.9310344827586207,0.9515418502202643,0.9730708760183304,0.9464282825056415,108,3,1013,8,0.002952755905511808,0.06896551724137871,0.9796785908226988,0.9603307662802858,"B_literature (train 1-25, val 26-34, test 35-49)",45,41,1132,116
0.33142463224566315,0.9310344827586207,0.7907949790794979,0.8552036199095022,0.91932452076696,0.8422421459930078,189,14,1901,50,0.007310704960835505,0.20920502092050122,0.9512240951746288,0.8784357105200391,"B_literature (train 1-25, val 26-34, test 35-49)",45,42,2154,239
0.33142463224566315,0.0,0.0,0.0,0.4952100221075903,-0.005105697026215995,0,2,1344,24,0.001485884101040118,0.9999999999999584,0.7978578504210005,0.04331901018454604,"B_literature (train 1-25, val 26-34, test 35-49)",45,43,1370,24
0.33142463224566315,0.027777777777777776,0.041666666666666664,0.03333333333333333,0.5073777493060004,0.015844474675435215,1,35,1532,23,0.022335673261008285,0.9583333333332935,0.6739257604764943,0.032228060053917235,"B_literature (train 1-25, val 26-34, test 35-49)",45,44,1591,24
0.33142463224566315,0.0,0.0,0.0,0.4935711323102447,-0.00945847098742453,0,26,1190,5,0.021381578947368404,0.9999999999997999,0.580921052631579,0.006091892050880311,"B_literature (train 1-25, val 26-34, test 35-49)",45,45,1221,5
0.33142463224566315,0.058823529411764705,0.5,0.10526315789473684,0.5465817568833115,0.165526929371218,1,16,694,1,0.0225352112676056,0.49999999999975,0.8626760563380282,0.25510204081632654,"B_literature (train 1-25, val 26-34, test 35-49)",45,46,712,2
0.33142463224566315,0.0,0.0,0.0,0.49280575539568344,-0.00795410846866648,0,2,822,22,0.0024271844660194147,0.9999999999999546,0.5830759046778464,0.029658735117115857,"B_literature (train 1-25, val 26-34, test 35-49)",45,47,846,22
0.33142463224566315,0.0,0.0,0.0,0.47898230088495575,-0.01878603808208525,0,2,433,36,0.004597701149425277,0.9999999999999721,0.683588761174968,0.11611251945898239,"B_literature (train 1-25, val 26-34, test 35-49)",45,48,471,36
0.33142463224566315,0.125,0.017857142857142856,0.03125,0.4807150900900901,0.0029838119751643037,1,7,413,55,0.016666666666666625,0.9821428571428396,0.7442602040816326,0.2154399511058856,"B_literature (train 1-25, val 26-34, test 35-49)",45,49,476,56
0.35201873957539204,0.9723756906077348,0.967032967032967,0.9696969696969697,0.9824767729036811,0.9649584850198207,176,5,1154,6,0.004314063848144949,0.03296703296703279,0.9945860869070533,0.9867440673365034,"B_literature (train 1-25, val 26-34, test 35-49)",46,35,1341,182
0.35201873957539204,0.7857142857142857,1.0,0.88,0.9386530978748877,0.8840206656597078,33,9,1666,0,0.005373134328358206,0.0,0.9998190863862505,0.9919177550756498,"B_literature (train 1-25, val 26-34, test 35-49)",46,36,1708,33
0.35201873957539204,1.0,0.6,0.75,0.8664163090128756,0.7614110817705755,24,0,458,16,0.0,0.39999999999999,0.9124454148471616,0.7687949477534095,"B_literature (train 1-25, val 26-34, test 35-49)",46,37,498,40
0.35201873957539204,0.9615384615384616,0.9009009009009009,0.9302325581395349,0.9593337038962901,0.9193439052323022,100,4,641,11,0.00620155038759689,0.09909909909909821,0.9638801592289965,0.943579909431915,"B_literature (train 1-25, val 26-34, test 35-49)",46,38,756,111
0.35201873957539204,0.9259259259259259,0.9259259259259259,0.9259259259259259,0.9602406399139611,0.9204812798279223,75,6,1096,6,0.005444646098003625,0.07407407407407317,0.9872286079182631,0.9554680623237152,"B_literature (train 1-25, val 26-34, test 35-49)",46,39,1183,81
0.35201873957539204,0.948051948051948,0.6517857142857143,0.7724867724867724,0.8766150835116352,0.7695358215929429,73,4,1095,39,0.0036396724294813438,0.34821428571428265,0.8914963278304953,0.7571388229345867,"B_literature (train 1-25, val 26-34, test 35-49)",46,40,1211,112
0.35201873957539204,0.9818181818181818,0.9310344827586207,0.9557522123893806,0.9754227205224626,0.9512630225084527,108,2,1014,8,0.001968503937007872,0.06896551724137871,0.9834543850122183,0.964130255110631,"B_literature (train 1-25, val 26-34, test 35-49)",46,41,1132,116
0.35201873957539204,0.9689119170984456,0.7824267782426778,0.8657407407407407,0.9253884302258915,0.8569727420825939,187,6,1909,52,0.0031331592689295023,0.21757322175732127,0.955237772703934,0.8794686797569775,"B_literature (train 1-25, val 26-34, test 35-49)",46,42,2154,239
0.35201873957539204,0.0,0.0,0.0,0.4953959484346225,-0.0036089541686937826,0,1,1345,24,0.000742942050520059,0.9999999999999584,0.7621966319960376,0.04075440301108551,"B_literature (train 1-25, val 26-34, test 35-49)",46,43,1370,24
0.35201873957539204,0.047619047619047616,0.041666666666666664,0.044444444444444446,0.515368540360571,0.030869525321969564,1,20,1547,23,0.012763241863433304,0.9583333333332935,0.6927781323122739,0.03478363128388495,"B_literature (train 1-25, val 26-34, test 35-49)",46,44,1591,24
0.35201873957539204,0.0,0.0,0.0,0.49524596940884663,-0.007843712260396072,0,18,1198,5,0.014802631578947357,0.9999999999997999,0.6669407894736843,0.007664577786262043,"B_literature (train 1-25, val 26-34, test 35-49)",46,45,1221,5
0.35201873957539204,0.14285714285714285,0.5,0.2222222222222222,0.6086376128778956,0.26367422119758854,1,6,704,1,0.0084507042253521,0.49999999999975,0.902112676056338,0.2571428571428571,"B_literature (train 1-25, val 26-34, test 35-49)",46,46,712,2
0.35201873957539204,0.0,0.0,0.0,0.49310964649490713,-0.005621075001548533,0,1,823,22,0.0012135922330097073,0.9999999999999546,0.6351500441306267,0.033769506513744024,"B_literature (train 1-25, val 26-34, test 35-49)",46,47,846,22
0.35201873957539204,0.0,0.0,0.0,0.47898230088495575,-0.01878603808208525,0,2,433,36,0.004597701149425277,0.9999999999999721,0.720051085568327,0.12475025423533312,"B_literature (train 1-25, val 26-34, test 35-49)",46,48,471,36
0.35201873957539204,0.14285714285714285,0.017857142857142856,0.031746031746031744,0.48156480439945004,0.009559280073117226,1,6,414,55,0.01428571428571425,0.9821428571428396,0.6909863945578232,0.18746979845995354,"B_literature (train 1-25, val 26-34, test 35-49)",46,49,476,56
