regime,epochs_run,best_loss,seconds,seed
transductive,200,0.27375084161758423,57.78812766075134,42
transductive,200,0.29135215282440186,115.45634603500366,43
transductive,200,0.29959961771965027,119.03888726234436,44
transductive,200,0.2835242450237274,109.16194987297058,45
transductive,200,0.2811982035636902,24.650758743286133,46
transductive,200,0.26344484090805054,24.63118004798889,47
transductive,200,0.24540334939956665,24.61678695678711,48
transductive,200,0.267168253660202,24.60026454925537,49
transductive,200,0.2531028985977173,24.59399437904358,50
transductive,200,0.26273617148399353,24.598331212997437,51
transductive,200,0.2727442979812622,24.581831693649292,52
transductive,200,0.30131155252456665,24.668710947036743,53
transductive,200,0.27775388956069946,24.612439393997192,54
transductive,200,0.27197957038879395,24.60532832145691,55
transductive,200,0.2811352014541626,24.595539093017578,56
transductive,200,0.29390180110931396,24.570130825042725,57
transductive,200,0.2933325171470642,24.592347621917725,58
transductive,200,0.27604445815086365,24.60358428955078,59
transductive,200,0.252337783575058,24.608092546463013,60
transductive,200,0.2549048960208893,24.592933177947998,61
inductive,200,0.26788273453712463,15.042300462722778,42
inductive,200,0.2702292799949646,15.05896520614624,43
inductive,196,0.2927841246128082,14.729729652404785,44
inductive,200,0.27519509196281433,15.05719780921936,45
inductive,200,0.24808046221733093,15.03597378730774,46
inductive,200,0.24899417161941528,15.051544427871704,47
inductive,200,0.23814091086387634,15.045427322387695,48
inductive,200,0.26523613929748535,15.038084268569946,49
inductive,200,0.24680274724960327,15.03700065612793,50
inductive,200,0.27456462383270264,15.06493067741394,51
inductive,200,0.2798765301704407,15.056893825531006,52
inductive,192,0.28885340690612793,14.469166040420532,53
inductive,200,0.24567747116088867,15.041453123092651,54
inductive,200,0.24625900387763977,15.072575092315674,55
inductive,200,0.26455697417259216,15.02549934387207,56
inductive,169,0.2935449481010437,12.73632550239563,57
inductive,200,0.27055683732032776,15.054195642471313,58
inductive,200,0.2759556174278259,15.043977737426758,59
inductive,200,0.2628270387649536,15.034791469573975,60
inductive,200,0.2598991096019745,15.03743863105774,61
