threshold,precision,recall,f1_illicit,f1_macro,mcc,tp,fp,tn,fn,fpr,fnr,roc_auc,pr_auc,model,dgi_regime,seed,seconds,n_params,peak_mem_mb,epochs_run,best_val_ap
0.5854969623037514,0.7521008403361344,0.4387254901960784,0.5541795665634675,0.768637094857221,0.5596533154477787,179,59,8374,229,0.006996323965374124,0.5612745098039201,0.876576730538059,0.5603023361338093,fusion,transductive,42,639.5958352088928,131588,6159.48486328125,289,0.8183469780093253
0.9013403635435607,0.7047244094488189,0.4387254901960784,0.540785498489426,0.761462079444478,0.5398612340420101,179,75,8358,229,0.008893632159373886,0.5612745098039201,0.8582064392221966,0.5142161340670897,gat_zero_dgi,transductive,42,414.42902135849,123396,6159.32861328125,180,0.8178529978730632
0.8942886863902588,0.6391304347826087,0.3602941176470588,0.4608150470219436,0.7203159957005987,0.4619114767417299,147,83,8350,261,0.009842286256373768,0.6397058823529396,0.8138202393491489,0.455135997414562,gat,n/a,42,268.7788734436035,119106,6159.24609375,124,0.6742173395285351
0.5509683003397606,0.7184466019417476,0.3627450980392157,0.4820846905537459,0.7317266668142528,0.49493082372821945,148,58,8375,260,0.006877742203249139,0.6372549019607827,0.8537895592246147,0.4948076306522924,gcn,n/a,42,49.2600576877594,14914,823.47998046875,218,0.7844008965581784
0.7341485905320676,0.7375565610859729,0.39950980392156865,0.5182829888712241,0.7502574271160789,0.5276635834121474,163,58,8375,245,0.006877742203249139,0.6004901960784299,0.8515218283447614,0.4713039670654882,sage,n/a,42,40.963207721710205,29570,809.69384765625,154,0.8039380267970954
0.876345112249109,0.4710526315789474,0.4387254901960784,0.4543147208121827,0.714430948662277,0.4291924119829236,179,201,8232,229,0.023834934187122014,0.5612745098039201,0.8283470864926072,0.4224544961251669,fusion,transductive,43,215.33423733711243,131588,6160.51611328125,95,0.7082163219610206
0.8351568033783869,0.7051792828685259,0.4338235294117647,0.5371775417298937,0.7596303029098272,0.5369404908708328,177,74,8359,231,0.008775050397248902,0.5661764705882338,0.8517034793284086,0.5091098630811882,gat_zero_dgi,transductive,43,654.3905987739563,123396,6160.380859375,292,0.805013823074399
0.8678282318516478,0.5551839464882943,0.4068627450980392,0.4695898161244696,0.7237492526866824,0.45392488010356663,166,133,8300,242,0.015771374362623027,0.5931372549019593,0.8465804856271929,0.4547550047140159,gat,n/a,43,431.81657361984253,119106,6160.29833984375,188,0.7402791803315315
0.2957099436430546,0.775609756097561,0.3897058823529412,0.5187601957585645,0.7507387011952351,0.5356770346422738,159,46,8387,249,0.005454761057749317,0.6102941176470573,0.8422618424815675,0.5004008016186454,gcn,n/a,43,46.91305756568909,14914,824.1865234375,219,0.7823698125562527
0.7674651401383535,0.7818181818181819,0.4215686274509804,0.5477707006369427,0.7655588579999537,0.5601386765137126,172,48,8385,236,0.005691924581999287,0.5784313725490181,0.8439424773822728,0.47096088167235617,sage,n/a,43,41.53082346916199,29570,810.38525390625,160,0.7929743119366276
0.8986720116171119,0.7877358490566038,0.40931372549019607,0.5387096774193548,0.7609736407258537,0.5540260604085315,167,45,8388,241,0.005336179295624332,0.5906862745098025,0.8559734400104166,0.5097983967320875,fusion,transductive,44,318.34980726242065,131588,6160.03369140625,134,0.7845788850608784
0.87711775676145,0.46017699115044247,0.38235294117647056,0.41767068273092367,0.695992117273345,0.394048477336886,156,183,8250,252,0.02170046246887228,0.6176470588235279,0.7671853456193339,0.4061385697043651,gat_zero_dgi,transductive,44,111.61794900894165,123396,6159.87744140625,49,0.5639168087911426
0.8931896557080069,0.517799352750809,0.39215686274509803,0.44630404463040446,0.7114514623387802,0.42781359697333393,160,149,8284,248,0.017668682556622788,0.6078431372549005,0.8409873791802978,0.43101379655970856,gat,n/a,44,173.73572993278503,119106,6159.794921875,81,0.566618824751311
0.6317003873229725,0.8563218390804598,0.36519607843137253,0.5120274914089347,0.7477096521372159,0.5471398723750249,149,25,8408,259,0.0029645440531246288,0.6348039215686259,0.8275196299318969,0.4962417154431701,gcn,n/a,44,61.53705835342407,14914,823.68310546875,300,0.7847511832358097
0.47060683970348516,0.7154150197628458,0.44362745098039214,0.5476550680786687,0.7650442663112338,0.5475118457454677,181,72,8361,227,0.008537886872998932,0.5563725490196064,0.8502790449750397,0.4713168900022715,sage,n/a,44,47.18096899986267,29570,809.8818359375,196,0.7845597463210362
0.755534637697522,0.7061224489795919,0.42401960784313725,0.5298621745788668,0.755917052407761,0.5310578195268865,173,72,8361,235,0.008537886872998932,0.5759803921568613,0.8513583424594788,0.514562171002043,fusion,transductive,45,142.1793212890625,131588,6159.5302734375,282,0.7977605083538988
0.8683657031469848,0.4375,0.37745098039215685,0.4052631578947368,0.6892761836040284,0.3798308077197365,154,198,8235,254,0.02347918890074706,0.6225490196078416,0.7823920034039942,0.3978760135468674,gat_zero_dgi,transductive,45,20.859755516052246,123396,6159.3740234375,49,0.5391804540621683
0.8995191272924091,0.6213991769547325,0.3700980392156863,0.46390168970814133,0.7217048228941153,0.4609371569501335,151,92,8341,257,0.010909522115498635,0.6299019607843122,0.8503910873017534,0.46058065266892445,gat,n/a,45,55.03314566612244,119106,6159.29150390625,131,0.6927050435558406
0.4066482257469753,0.7016806722689075,0.40931372549019607,0.5170278637770898,0.7493568527619894,0.5196820346159109,167,71,8362,241,0.008419305110873946,0.5906862745098025,0.849706917036944,0.5154650798063755,gcn,n/a,45,8.394716262817383,14914,823.751953125,182,0.7791175138991988
0.9585792397799556,0.8130841121495327,0.4264705882352941,0.5594855305466238,0.7717122846168054,0.5757263141042299,174,40,8393,234,0.004743270484999406,0.5735294117647044,0.8633837828977197,0.5247153041861843,sage,n/a,45,10.317796230316162,29570,809.8818359375,195,0.8382036104350304
0.929726176065941,0.8021978021978022,0.35784313725490197,0.49491525423728816,0.7387400984502612,0.5224348356200322,146,36,8397,262,0.004268943436499466,0.6421568627450964,0.8210211749825034,0.4740222786366278,fusion,transductive,46,50.222734689712524,131588,6160.51611328125,117,0.7348348329468937
0.7865646938755083,0.6754716981132075,0.4387254901960784,0.5319465081723626,0.7567134504528107,0.527271701971263,179,86,8347,229,0.010198031542748722,0.5612745098039201,0.8673771981222228,0.5208668197175109,gat_zero_dgi,transductive,46,78.04373240470886,123396,6160.380859375,184,0.8365031020417965
0.8606970368532751,0.7216494845360825,0.3431372549019608,0.46511627906976744,0.723131910026687,0.482252291396176,140,54,8379,268,0.006403415154749198,0.6568627450980375,0.7898332996189107,0.4381133686578762,gat,n/a,46,23.998406887054443,119106,6160.29833984375,57,0.5620001263277693
0.6048616093898704,0.7323232323232324,0.3553921568627451,0.47854785478547857,0.7300211749917086,0.4950114441522391,145,53,8380,263,0.006284833392624213,0.6446078431372533,0.838764407102815,0.47807213131306064,gcn,n/a,46,13.208940267562866,14914,824.1865234375,288,0.8085114722506214
0.8438358940257011,0.8106796116504854,0.40931372549019607,0.5439739413680782,0.7637844865031158,0.5628307149739052,167,39,8394,241,0.004624688722874421,0.5906862745098025,0.8543288446648671,0.4904315869571402,sage,n/a,46,7.55889368057251,29570,810.38525390625,143,0.7986181665394627
0.7336086532840989,0.7195121951219512,0.4338235294117647,0.5412844036697247,0.7618331813979349,0.5429683164996744,177,69,8364,231,0.008182141586623976,0.5661764705882338,0.8565704178030753,0.5040890242849949,fusion,transductive,47,60.056642293930054,131588,6160.03369140625,140,0.7306495700954015
0.8442845694472879,0.5,0.39950980392156865,0.444141689373297,0.7100340261829903,0.4232630797075365,163,163,8270,245,0.01932882722637258,0.6004901960784299,0.7879883069082014,0.4283876167327628,gat_zero_dgi,transductive,47,22.125258207321167,123396,6159.87744140625,52,0.5767117333896349
0.9304242507352288,0.6982758620689655,0.39705882352941174,0.50625,0.7438537877009741,0.5102467374164521,162,70,8363,246,0.008300723348748961,0.6029411764705868,0.85476437106326,0.49628426123033775,gat,n/a,47,62.93907570838928,119106,6159.794921875,150,0.7226850216231429
0.5101489550680096,0.7183098591549296,0.375,0.4927536231884058,0.737145230795891,0.5033713036275028,153,60,8373,255,0.007114905727499109,0.6249999999999984,0.8417930376229705,0.4772711318130972,gcn,n/a,47,9.775874614715576,14914,823.68310546875,213,0.7719645516934759
0.6292105227300546,0.8214285714285714,0.3946078431372549,0.5331125827814569,0.7583000552975091,0.55639644423725,161,35,8398,247,0.004150361674374481,0.6053921568627436,0.8480381984407662,0.523246780656788,sage,n/a,47,8.712042570114136,29570,809.8818359375,165,0.792869059826897
0.8795013014817656,0.75,0.3897058823529412,0.5129032258064516,0.7476015367105169,0.5258343074614316,159,53,8380,249,0.006284833392624213,0.6102941176470573,0.8679002076343404,0.4883097922862179,fusion,transductive,48,72.43344306945801,131588,6159.5302734375,169,0.7554605384375912
0.7526879445913952,0.640625,0.4019607843137255,0.4939759036144578,0.7371160514664133,0.48928814271505655,164,92,8341,244,0.010909522115498635,0.598039215686273,0.8383192895324856,0.44908798375573433,gat_zero_dgi,transductive,48,84.376962184906,123396,6159.3740234375,199,0.7821713989882937
0.8823580276476194,0.5984848484848485,0.3872549019607843,0.47023809523809523,0.7246546149323927,0.4618681799362474,158,106,8327,250,0.012569666785248425,0.6127450980392142,0.843480211959087,0.45718489284413716,gat,n/a,48,91.38966274261475,119106,6159.29150390625,218,0.7546403551811748
0.5909395853600619,0.8235294117647058,0.37745098039215685,0.5176470588235295,0.7504253319517074,0.5446611754462743,154,33,8400,254,0.00391319815012451,0.6225490196078416,0.8317275386378908,0.4861531819810825,gcn,n/a,48,11.671295642852783,14914,823.751953125,255,0.794825136051553
0.9293748308301183,0.868421052631579,0.40441176470588236,0.5518394648829431,0.7680761360940119,0.5808174165038865,165,25,8408,243,0.0029645440531246288,0.5955882352941162,0.8556556234494272,0.5240767343337456,sage,n/a,48,9.135424852371216,29570,809.8818359375,173,0.8010593058535048
0.6887250967221686,0.7245762711864406,0.41911764705882354,0.531055900621118,0.7566654077586162,0.5355060229880665,171,65,8368,237,0.007707814538124035,0.580882352941175,0.8465823747974228,0.5085188182595213,fusion,transductive,49,82.72714686393738,131588,6160.51611328125,193,0.7839188804788947
0.8397090538840472,0.43351063829787234,0.39950980392156865,0.41581632653061223,0.6943562636322135,0.3891147812703796,163,213,8220,245,0.02525791533262184,0.6004901960784299,0.8082717463838376,0.4224995720060481,gat_zero_dgi,transductive,49,22.117539167404175,123396,6160.380859375,52,0.568007100482761
0.9216550790400422,0.624,0.38235294117647056,0.47416413373860183,0.7269199428091505,0.4698341216313847,156,94,8339,252,0.011146685639748605,0.6176470588235279,0.8483016650274482,0.47413054395841137,gat,n/a,49,117.3815987110138,119106,6160.29833984375,280,0.7762281560817275
0.5448488279331439,0.7823834196891192,0.3700980392156863,0.502495840266223,0.7424955051691164,0.5242246168623994,151,42,8391,257,0.004980434009249376,0.6299019607843122,0.8180455865495729,0.47719487096782437,gcn,n/a,49,13.827662706375122,14914,824.1865234375,300,0.8030505847212625
0.5161849450458521,0.7818181818181819,0.4215686274509804,0.5477707006369427,0.7655588579999537,0.5601386765137126,172,48,8385,236,0.005691924581999287,0.5784313725490181,0.8731025464852133,0.5166868579943662,sage,n/a,49,10.08602786064148,29570,810.38525390625,191,0.8199955476253447
0.8572037987513084,0.7735849056603774,0.4019607843137255,0.5290322580645161,0.7559591017201024,0.5434541530533691,164,48,8385,244,0.005691924581999287,0.598039215686273,0.8578663885808089,0.5109163181511847,fusion,transductive,50,57.90210199356079,131588,6160.03369140625,135,0.7260374153564891
0.9024662279802758,0.7836538461538461,0.39950980392156865,0.5292207792207793,0.7561139639687631,0.5456273790923845,163,45,8388,245,0.005336179295624332,0.6004901960784299,0.8538123745881608,0.5034511586889407,gat_zero_dgi,transductive,50,81.39689898490906,123396,6159.87744140625,192,0.820673208988546
0.9324211755844011,0.42710997442455245,0.40931372549019607,0.41802252816020025,0.6952400148945288,0.39059007060510365,167,224,8209,241,0.026562314715996675,0.5906862745098025,0.8166182457804655,0.42144623356673694,gat,n/a,50,23.5525963306427,119106,6159.794921875,56,0.6142998450244209
0.3186491537700665,0.6824644549763034,0.35294117647058826,0.46526655896607433,0.7229339300134245,0.47422977237016634,144,67,8366,264,0.007944978062374005,0.6470588235294101,0.8215286351704205,0.4522982038799073,gcn,n/a,50,13.754679203033447,14914,823.68310546875,300,0.7763578373236764
0.5235393439253716,0.6884615384615385,0.4387254901960784,0.5359281437125748,0.7588539272694765,0.532898668118349,179,81,8352,229,0.009605122732123798,0.5612745098039201,0.8521458358037867,0.46267141520779514,sage,n/a,50,11.91884994506836,29570,809.8818359375,226,0.847500132798106
0.6904020268623142,0.6960352422907489,0.3872549019607843,0.49763779527559054,0.7394624126257697,0.5028382973518163,158,69,8364,250,0.008182141586623976,0.6127450980392142,0.8544994512687087,0.46984425509212385,fusion,transductive,51,59.15888166427612,131588,6159.5302734375,138,0.7430779542685667
0.9132357256053245,0.711864406779661,0.4117647058823529,0.5217391304347826,0.7518309456611054,0.5254721159108148,168,68,8365,240,0.00806355982449899,0.5882352941176456,0.8517213537851995,0.4998487845757402,gat_zero_dgi,transductive,51,58.540618896484375,123396,6159.3740234375,138,0.7610803480530358
0.8647905381691665,0.4911242603550296,0.4068627450980392,0.4450402144772118,0.710297622590519,0.4228523520134398,166,172,8261,242,0.020396063085497445,0.5931372549019593,0.8575620868530027,0.45372890486408657,gat,n/a,51,89.32030773162842,119106,6159.29150390625,213,0.7199425343630238
0.723230433790651,0.6483050847457628,0.375,0.4751552795031056,0.7276586351735507,0.47530258052455654,153,83,8350,255,0.009842286256373768,0.6249999999999984,0.8301734781425911,0.4727215200363665,gcn,n/a,51,10.79740023612976,14914,823.751953125,234,0.7587709809007107
0.8183868380442053,0.8169014084507042,0.4264705882352941,0.5603864734299517,0.7721925333564388,0.5772050123079854,174,39,8394,234,0.004624688722874421,0.5735294117647044,0.8564454419263259,0.5108734132961916,sage,n/a,51,8.184640407562256,29570,809.8818359375,155,0.7800779398488648
0.9240363076941607,0.7297297297297297,0.39705882352941174,0.5142857142857142,0.7481703026038001,0.5228996545258198,162,60,8373,246,0.007114905727499109,0.6029411764705868,0.8428900642434134,0.4748877253423438,fusion,transductive,52,107.97184610366821,131588,6160.51611328125,252,0.7669499789743798
0.7989627912553089,0.45645645645645644,0.37254901960784315,0.41025641025641024,0.6922305013326795,0.3868997424004355,152,181,8252,256,0.021463298944622313,0.6274509803921553,0.7980729882371541,0.4194620669855441,gat_zero_dgi,transductive,52,22.107987880706787,123396,6160.380859375,52,0.5356987990241159
0.9752885211703828,0.8072916666666666,0.3799019607843137,0.5166666666666667,0.7498448659407564,0.540523033814636,155,37,8396,253,0.004387525198624451,0.6200980392156847,0.8487893615883446,0.5048717118128614,gat,n/a,52,83.46542716026306,119106,6160.29833984375,199,0.7554684588411725
0.6274592318880113,0.7772020725388601,0.36764705882352944,0.49916805324459235,0.7407730670766022,0.5205353186291057,150,43,8390,258,0.005099015771374361,0.632352941176469,0.849119530416222,0.4862149445158431,gcn,n/a,52,8.059379577636719,14914,824.1865234375,175,0.7677725809508965
0.7230222349997374,0.7165354330708661,0.44607843137254904,0.5498489425981873,0.7661700647186,0.5495432083044189,182,72,8361,226,0.008537886872998932,0.5539215686274496,0.840763875810018,0.4761647432288657,sage,n/a,52,12.074220657348633,29570,810.38525390625,229,0.8112727361041658
0.8565844052458462,0.7837837837837838,0.4264705882352941,0.5523809523809524,0.7679216514191884,0.5642478515792989,174,48,8385,234,0.005691924581999287,0.5735294117647044,0.855521492363102,0.5126885192932298,fusion,transductive,53,61.76803946495056,131588,6160.03369140625,144,0.7769331863085119
0.8335762449673243,0.3161904761904762,0.4068627450980392,0.3558413719185423,0.6599793163252632,0.32339533104504603,166,359,8074,242,0.04257085260286967,0.5931372549019593,0.782639920666476,0.3935944804580388,gat_zero_dgi,transductive,53,20.842169284820557,123396,6159.87744140625,49,0.5089931843015875
0.8849230065737684,0.5180327868852459,0.3872549019607843,0.4431977559607293,0.7099010761063591,0.42514627255622894,158,147,8286,250,0.017431519032372816,0.6127450980392142,0.8041348995426464,0.4200109659305275,gat,n/a,53,24.800538778305054,119106,6159.794921875,59,0.5922288842362342
0.4127160075126093,0.7385321100917431,0.3946078431372549,0.5143769968051118,0.7482766785151262,0.5247180604486268,161,57,8376,247,0.006759160441124154,0.6053921568627436,0.8294733225912209,0.4913061523394758,gcn,n/a,53,9.65855598449707,14914,823.68310546875,210,0.7853397396250331
0.6624916604120435,0.7377049180327869,0.4411764705882353,0.5521472392638037,0.7675005133488719,0.5553020105286117,180,64,8369,228,0.007589232775999049,0.5588235294117633,0.8583956468867637,0.4981918050184556,sage,n/a,53,9.704236507415771,29570,809.8818359375,184,0.8158875618620495
0.8841077916309559,0.7710280373831776,0.40441176470588236,0.5305466237942122,0.7567152814164496,0.5441554853456312,165,49,8384,243,0.0058105063441242725,0.5955882352941162,0.8687930585491637,0.5120701903987074,fusion,transductive,54,79.71888899803162,131588,6159.5302734375,186,0.7517045459356096
0.8012913217049988,0.3440643863179074,0.41911764705882354,0.37790055248618787,0.6721713527168377,0.3465491075457046,171,326,8107,237,0.03865765445274516,0.580882352941175,0.7697982133681174,0.39606990165574885,gat_zero_dgi,transductive,54,20.013169050216675,123396,6159.3740234375,47,0.4652562278505243
0.8731210203786651,0.4236842105263158,0.3946078431372549,0.4086294416243655,0.6905228420386537,0.3813459181793283,161,219,8214,247,0.025969405905371747,0.6053921568627436,0.8181275474733947,0.4265678189006811,gat,n/a,54,19.762479066848755,119106,6159.29150390625,47,0.5635036242837099
0.44888402582848047,0.8102564102564103,0.3872549019607843,0.5240464344941956,0.7536210859747751,0.5469461543912257,158,37,8396,250,0.004387525198624451,0.6127450980392142,0.834153233213124,0.49832790856831666,gcn,n/a,54,11.028788566589355,14914,823.751953125,239,0.7936468682952443
0.6341151210193288,0.76,0.41911764705882354,0.5402843601895735,0.7616079552135621,0.5498275191505012,171,54,8379,237,0.006403415154749198,0.580882352941175,0.8397844137061917,0.500172427016648,sage,n/a,54,13.393462419509888,29570,809.8818359375,254,0.8436034453746719
0.8865403977392238,0.6367041198501873,0.4166666666666667,0.5037037037037037,0.7420029660989266,0.4967122424893269,170,97,8336,238,0.011502430926123559,0.5833333333333318,0.8454153035576855,0.44740275365344256,fusion,transductive,55,100.26527786254883,131588,6160.51611328125,234,0.7487691650043369
0.8886756131793655,0.6329588014981273,0.41421568627450983,0.5007407407407407,0.7404626852995172,0.49356208048764816,169,98,8335,239,0.011621012688248545,0.5857843137254888,0.8509662669763743,0.4764481330682197,gat_zero_dgi,transductive,55,90.30808210372925,123396,6160.380859375,213,0.8041356005059761
0.8757108487261718,0.616,0.37745098039215685,0.46808510638297873,0.7237629479283314,0.46332955464347825,154,96,8337,254,0.011383849163998575,0.6225490196078416,0.8586486503767878,0.47177115591989927,gat,n/a,55,56.656461000442505,119106,6160.29833984375,135,0.7150800214945513
0.4630035522399351,0.7463414634146341,0.375,0.499184339314845,0.7405992585319905,0.5141839741068338,153,52,8381,255,0.006166251630499228,0.6249999999999984,0.8314148083044435,0.47464368499845716,gcn,n/a,55,10.729292154312134,14914,824.1865234375,233,0.7796226084986584
0.484419226471459,0.6968503937007874,0.4338235294117647,0.5347432024169184,0.7583234225950632,0.5334065845337376,177,77,8356,231,0.009130795683623856,0.5661764705882338,0.8681709402603685,0.49752323253445985,sage,n/a,55,10.141708850860596,29570,810.38525390625,192,0.8243500606450287
0.950849173820182,0.751131221719457,0.4068627450980392,0.5278219395866455,0.7552028245989288,0.5380233922993389,166,55,8378,242,0.006521996916874184,0.5931372549019593,0.8488905048560397,0.5005825082427123,fusion,transductive,56,53.61527633666992,131588,6160.03369140625,125,0.7271084632985512
0.9035195329184634,0.8061224489795918,0.3872549019607843,0.5231788079470199,0.7531575032825626,0.5454116739580439,158,38,8395,250,0.004506106960749436,0.6127450980392142,0.8463588714271432,0.5075646772267904,gat_zero_dgi,transductive,56,60.65715742111206,123396,6159.87744140625,143,0.7722915205939829
0.9126851162098625,0.684931506849315,0.36764705882352944,0.4784688995215311,0.729647818274398,0.48523439321321177,150,69,8364,258,0.008182141586623976,0.632352941176469,0.8559272280001766,0.465909481977564,gat,n/a,56,37.795294761657715,119106,6159.794921875,90,0.6222985218380332
0.6730432172110865,0.8383233532934131,0.3431372549019608,0.48695652173913045,0.7348560594315574,0.523901652968389,140,27,8406,268,0.003201707577374599,0.6568627450980375,0.8235892839289161,0.4551174683212798,gcn,n/a,56,11.482961416244507,14914,823.68310546875,250,0.7763598535413815
0.5650947291090523,0.8104265402843602,0.41911764705882354,0.5525040387722132,0.7681350411290592,0.5695966134853369,171,40,8393,237,0.004743270484999406,0.580882352941175,0.8511380361465112,0.49611496263286253,sage,n/a,56,6.811346530914307,29570,809.8818359375,129,0.7864299920630685
0.7236612109055488,0.6884615384615385,0.4387254901960784,0.5359281437125748,0.7588539272694765,0.532898668118349,179,81,8352,229,0.009605122732123798,0.5612745098039201,0.848821913444614,0.5051728899842204,fusion,transductive,57,82.71949243545532,131588,6159.5302734375,193,0.7711725937394253
0.874625973855446,0.7487684729064039,0.37254901960784315,0.49754500818330605,0.7397806465554806,0.5133837184819203,152,51,8382,256,0.006047669868374243,0.6274509803921553,0.8254735132520932,0.46335125932231147,gat_zero_dgi,transductive,57,69.54293656349182,123396,6159.3740234375,164,0.7539289809233951
0.9280210879217621,0.5670498084291188,0.3627450980392157,0.44245142002989535,0.7102635046425854,0.4330242439553758,148,113,8320,260,0.013399739120123322,0.6372549019607827,0.8199306877974717,0.4234026046399948,gat,n/a,57,24.39548969268799,119106,6159.29150390625,58,0.6102229676790885
0.5842561601659305,0.8181818181818182,0.375,0.5142857142857142,0.7486861356586878,0.5409144574170213,153,34,8399,255,0.004031779912249495,0.6249999999999984,0.8403840072730147,0.49122930751231886,gcn,n/a,57,10.175304412841797,14914,823.751953125,221,0.785560870061144
0.683262257543324,0.7564102564102564,0.4338235294117647,0.5514018691588785,0.7672502303540871,0.5581881856851957,177,57,8376,231,0.006759160441124154,0.5661764705882338,0.8708689659902855,0.5395352092075794,sage,n/a,57,8.976228475570679,29570,809.8818359375,170,0.8280889262729761
0.7973544785421187,0.7456140350877193,0.4166666666666667,0.5345911949685535,0.7586132086540527,0.542421257204539,170,58,8375,238,0.006877742203249139,0.5833333333333318,0.8486940311521265,0.5105415299033722,fusion,transductive,58,77.54736351966858,131588,6160.51611328125,180,0.7215966220636221
0.8283558398076932,0.5182926829268293,0.4166666666666667,0.46195652173913043,0.7192940876133396,0.44172338511281695,170,158,8275,238,0.018735918415747652,0.5833333333333318,0.8041845992517723,0.4199689270422087,gat_zero_dgi,transductive,58,22.12883162498474,123396,6160.380859375,52,0.5590951727683018
0.8788753114567811,0.6015625,0.37745098039215685,0.463855421686747,0.7214681973870332,0.45713746541019334,154,102,8331,254,0.012095339736748485,0.6225490196078416,0.7961208941064865,0.426064025959422,gat,n/a,58,19.789135932922363,119106,6160.29833984375,47,0.5797708521212463
0.38525225913221256,0.5945945945945946,0.37745098039215685,0.4617691154422789,0.7203350425874339,0.45411906450914646,154,105,8328,254,0.012451085023123441,0.6225490196078416,0.83495685716478,0.4376213417942127,gcn,n/a,58,13.870246648788452,14914,824.1865234375,300,0.7774227305988308
0.6579754548530009,0.8585858585858586,0.4166666666666667,0.5610561056105611,0.7727393435056787,0.5860982380489346,170,28,8405,238,0.0033202893394995844,0.5833333333333318,0.8487334130853812,0.5202537700511295,sage,n/a,58,10.621931791305542,29570,810.38525390625,201,0.8146116553080865
0.6847130988675318,0.6733067729083665,0.41421568627450983,0.5128983308042488,0.7470207450296871,0.5109725924768976,169,82,8351,239,0.009723704494248782,0.5857843137254888,0.8540953141602899,0.49351232060218864,fusion,transductive,59,71.59781050682068,131588,6160.03369140625,167,0.7269090106594355
0.9467678830581634,0.6816326530612244,0.40931372549019607,0.5114854517611026,0.7463763508732109,0.5113517385237734,167,78,8355,241,0.009249377445748842,0.5906862745098025,0.843358142498076,0.4721543000961994,gat_zero_dgi,transductive,59,55.58281469345093,123396,6159.87744140625,131,0.6755356788275995
0.9326384061703241,0.7254901960784313,0.3627450980392157,0.48366013071895425,0.7325740606728924,0.4976248659283848,148,56,8377,260,0.006640578678999169,0.6372549019607827,0.8582352127380064,0.472965783952204,gat,n/a,59,71.72182250022888,119106,6159.794921875,171,0.7085269052162878
0.3556635576334953,0.7658536585365854,0.38480392156862747,0.5122349102773246,0.7473588869741535,0.5285126811304605,157,48,8385,251,0.005691924581999287,0.615196078431371,0.8468095111873755,0.5108942394726828,gcn,n/a,59,12.534802913665771,14914,823.68310546875,273,0.8038923384832285
0.6975964577230689,0.7913043478260869,0.44607843137254904,0.5705329153605015,0.7772284384359419,0.580449475414445,182,48,8385,226,0.005691924581999287,0.5539215686274496,0.851189770346654,0.532520874223836,sage,n/a,59,10.930711030960083,29570,809.8818359375,207,0.8134032467578752
0.9327517045687322,0.8078817733990148,0.4019607843137255,0.5368248772504092,0.7601235276065179,0.5565760736939285,164,39,8394,244,0.004624688722874421,0.598039215686273,0.8533977743830843,0.5047691386098795,fusion,transductive,60,65.5834391117096,131588,6159.5302734375,153,0.7305396733098248
0.960982335873546,0.6306620209059234,0.44362745098039214,0.520863309352518,0.750630041678084,0.5103064440181193,181,106,8327,227,0.012569666785248425,0.5563725490196064,0.86367515107549,0.5180366770351729,gat_zero_dgi,transductive,60,61.52436017990112,123396,6159.3740234375,145,0.7824891657520056
0.8659067839792329,0.6090534979423868,0.3627450980392157,0.45468509984639016,0.71692037858857,0.45104480278834125,148,95,8338,260,0.011265267401873589,0.6372549019607827,0.7807734204793028,0.43081053410609627,gat,n/a,60,24.404695987701416,119106,6159.29150390625,58,0.602156080196495
0.39373223649778955,0.7592592592592593,0.4019607843137255,0.5256410256410257,0.7541442318966062,0.5378788838910198,164,52,8381,244,0.006166251630499228,0.598039215686273,0.8405488010453797,0.5021054074184645,gcn,n/a,60,8.489670038223267,14914,823.751953125,184,0.7887633424334402
0.5349889057023186,0.7489361702127659,0.43137254901960786,0.5474339035769828,0.7651777182653974,0.5535254262174877,176,59,8374,232,0.006996323965374124,0.5686274509803907,0.8460801461578347,0.47473401528169834,sage,n/a,60,9.33965802192688,29570,809.8818359375,177,0.8183376423212066
0.9396802660537091,0.5658914728682171,0.35784313725490197,0.43843843843843844,0.7082295624256132,0.42949595375735294,146,112,8321,262,0.013281157357998338,0.6421568627450964,0.8222598893701912,0.40878001212005655,fusion,transductive,61,20.236821174621582,131588,6160.51611328125,47,0.5296712107190611
0.8531001104067444,0.43636363636363634,0.4117647058823529,0.42370744010088274,0.6983242037972588,0.39685523003997747,168,217,8216,240,0.02573224238112178,0.5882352941176456,0.7906061155637399,0.4175543936659199,gat_zero_dgi,transductive,61,22.965742826461792,123396,6160.380859375,54,0.557179431115329
0.8296856341296679,0.582089552238806,0.38235294117647056,0.46153846153846156,0.7200671256298682,0.45164599840459785,156,112,8321,252,0.013281157357998338,0.6176470588235279,0.8252058323625905,0.4496255646646414,gat,n/a,61,34.03054428100586,119106,6160.29833984375,81,0.608045999288716
0.5148782783758381,0.8100558659217877,0.3553921568627451,0.4940374787052811,0.738331988840795,0.5234055348790214,145,34,8399,263,0.004031779912249495,0.6446078431372533,0.8298497034293383,0.4804844239346205,gcn,n/a,61,9.42954397201538,14914,824.1865234375,205,0.766998483169398
0.6697288644290484,0.6593406593406593,0.4411764705882353,0.5286343612334802,0.7548765594768072,0.5216970218016529,180,93,8340,228,0.011028103877623619,0.5588235294117633,0.8417982691712995,0.4678487651529607,sage,n/a,61,10.080756425857544,29570,810.38525390625,191,0.8073140634892133
0.8708337824172002,0.8207547169811321,0.4264705882352941,0.5612903225806452,0.7726742317392734,0.5786938442372441,174,38,8395,234,0.004506106960749436,0.5735294117647044,0.8801426120074497,0.5568375126405412,fusion,inductive,42,94.70747470855713,131588,6159.6728515625,221,0.80141355608296
0.8937080591158858,0.6854838709677419,0.4166666666666667,0.5182926829268293,0.7498664166425524,0.5176811364867975,170,78,8355,238,0.009249377445748842,0.5833333333333318,0.8598645494009296,0.48866707004341875,gat_zero_dgi,inductive,42,67.42555356025696,123396,6159.5166015625,159,0.803703395390162
0.8327820533175755,0.6245487364620939,0.42401960784313725,0.5051094890510949,0.7425823964641248,0.49580417731093485,173,104,8329,235,0.012332503260998455,0.5759803921568613,0.851579230055594,0.467850446533827,fusion,inductive,43,83.56001996994019,131588,6160.51611328125,195,0.7752096982397733
0.9272952316558523,0.7276995305164319,0.3799019607843137,0.499194847020934,0.7404830691349907,0.5104030854065964,155,58,8375,253,0.006877742203249139,0.6200980392156847,0.8492866493211775,0.4741272493949613,gat_zero_dgi,inductive,43,65.32450819015503,123396,6160.380859375,154,0.7459407039528251
0.8529358130611783,0.7428571428571429,0.38235294117647056,0.5048543689320388,0.743460939740281,0.5179769900893363,156,54,8379,252,0.006403415154749198,0.6176470588235279,0.8536526670433382,0.4784235421728367,fusion,inductive,44,59.58384299278259,131588,6159.6728515625,139,0.7422854675091544
0.8771173162003085,0.46017699115044247,0.38235294117647056,0.41767068273092367,0.695992117273345,0.394048477336886,156,183,8250,252,0.02170046246887228,0.6176470588235279,0.7671859269024816,0.40613867847336366,gat_zero_dgi,inductive,44,20.843225479125977,123396,6159.5166015625,49,0.5639174052774582
0.9067515983973463,0.7761194029850746,0.38235294117647056,0.5123152709359606,0.7474596913456819,0.5306728765678568,156,45,8388,252,0.005336179295624332,0.6176470588235279,0.8535143216541925,0.49837479862791795,fusion,inductive,45,51.01830554008484,131588,6160.51611328125,119,0.735083949326618
0.8683629565509564,0.4375,0.37745098039215685,0.4052631578947368,0.6892761836040284,0.3798308077197365,154,198,8235,254,0.02347918890074706,0.6225490196078416,0.7823896782714035,0.39788646280101675,gat_zero_dgi,inductive,45,20.85846972465515,123396,6160.380859375,49,0.5391674873800893
0.8086087826180128,0.6960352422907489,0.3872549019607843,0.49763779527559054,0.7394624126257697,0.5028382973518163,158,69,8364,250,0.008182141586623976,0.6127450980392142,0.839887882106477,0.4841467925180115,fusion,inductive,46,61.74403762817383,131588,6159.6728515625,144,0.7185948027950675
0.7936988678230463,0.6788617886178862,0.40931372549019607,0.5107033639143731,0.7459553934911307,0.510189764484783,167,79,8354,241,0.009367959207873826,0.5906862745098025,0.8605458132500007,0.4862353813540208,gat_zero_dgi,inductive,46,78.42267680168152,123396,6159.5166015625,185,0.7889159014165212
0.8682277283089946,0.8359788359788359,0.3872549019607843,0.5293132328308208,0.7564330284727707,0.556399391853889,158,31,8402,250,0.0036760346258745396,0.6127450980392142,0.8587098304280801,0.5056819265492626,fusion,inductive,47,75.00181889533997,131588,6160.51611328125,175,0.7291349381116671
0.8443127241853166,0.5015384615384615,0.39950980392156865,0.44474761255115963,0.7103671982161073,0.4240210781921168,163,162,8271,245,0.019210245464247596,0.6004901960784299,0.7879851098508893,0.42840884227276005,gat_zero_dgi,inductive,47,22.11727237701416,123396,6160.380859375,52,0.5767350215749789
0.8074513116228136,0.6972111553784861,0.42892156862745096,0.5311077389984825,0.7564779134397923,0.530448516272349,175,76,8357,233,0.009012213921498872,0.5710784313725475,0.8530417384551353,0.500923634925462,fusion,inductive,48,79.7061083316803,131588,6159.6728515625,186,0.7681414915936364
0.7242025663008194,0.5796610169491525,0.41911764705882354,0.4864864864864865,0.7326124640454106,0.4724483464383859,171,124,8309,237,0.014704138503498158,0.580882352941175,0.8317426519997304,0.4691120902118485,gat_zero_dgi,inductive,48,83.98115420341492,123396,6159.5166015625,198,0.7942965923458488
0.7601206189498942,0.728744939271255,0.4411764705882353,0.549618320610687,0.7661464481423084,0.5515628402363152,180,67,8366,228,0.007944978062374005,0.5588235294117633,0.8640285712292742,0.5328994526722389,fusion,inductive,49,113.0758056640625,131588,6160.51611328125,264,0.8313841338943191
0.8397088478922611,0.43351063829787234,0.39950980392156865,0.41581632653061223,0.6943562636322135,0.3891147812703796,163,213,8220,245,0.02525791533262184,0.6004901960784299,0.808272472987772,0.4224995941067128,gat_zero_dgi,inductive,49,22.12716007232666,123396,6160.380859375,52,0.5680114979677179
0.7044019715426714,0.8379888268156425,0.36764705882352944,0.5110732538330494,0.7471423595868961,0.5425443328482111,150,29,8404,258,0.0034388711016245695,0.632352941176469,0.8458620196566708,0.5023264113737975,fusion,inductive,50,66.85646319389343,131588,6159.6728515625,156,0.7164859222646176
0.7653023510763092,0.6889763779527559,0.42892156862745096,0.5287009063444109,0.7551847657456485,0.526951935025465,175,79,8354,233,0.009367959207873826,0.5710784313725475,0.8618879960379741,0.5066983108853309,gat_zero_dgi,inductive,50,108.09702754020691,123396,6159.5166015625,255,0.8108044037657914
0.8251888642339075,0.6013289036544851,0.44362745098039214,0.5105782792665726,0.7450670221525817,0.4967851453494926,181,120,8313,227,0.014229811454998218,0.5563725490196064,0.8659479681828856,0.5121858052159709,fusion,inductive,51,81.84294486045837,131588,6160.51611328125,191,0.7707257065247443
0.9304603879465745,0.7969543147208121,0.38480392156862747,0.5190082644628099,0.7509839003405576,0.5402360328375732,157,40,8393,251,0.004743270484999406,0.615196078431371,0.8342758839572826,0.4930763728449513,gat_zero_dgi,inductive,51,58.100192070007324,123396,6160.380859375,137,0.7619977858103156
0.8821983226591359,0.6394052044609665,0.4215686274509804,0.5081240768094535,0.7442708005335124,0.500907899321786,172,97,8336,236,0.011502430926123559,0.5784313725490181,0.8244914353741022,0.4669116335874031,fusion,inductive,52,72.44409608840942,131588,6159.6728515625,169,0.737885834982487
0.798824906232539,0.45645645645645644,0.37254901960784315,0.41025641025641024,0.6922305013326795,0.3868997424004355,152,181,8252,256,0.021463298944622313,0.6274509803921553,0.7978833446102263,0.41961382894760174,gat_zero_dgi,inductive,52,22.11964511871338,123396,6159.5166015625,52,0.53645791207889
0.7600059445123617,0.7222222222222222,0.41421568627450983,0.5264797507788161,0.7543196875959808,0.5313201191150712,169,65,8368,239,0.007707814538124035,0.5857843137254888,0.8570084146548458,0.5165623985831442,fusion,inductive,53,80.99479007720947,131588,6160.51611328125,189,0.7772305161024466
0.8335606476798681,0.3161904761904762,0.4068627450980392,0.3558413719185423,0.6599793163252632,0.32339533104504603,166,359,8074,242,0.04257085260286967,0.5931372549019593,0.7826364329675899,0.3935840464693453,gat_zero_dgi,inductive,53,20.84266424179077,123396,6160.380859375,49,0.5089844779509337
0.9109944853997279,0.7850877192982456,0.4387254901960784,0.5628930817610063,0.7732921351548196,0.5730322997653946,179,49,8384,229,0.0058105063441242725,0.5612745098039201,0.8457650906917966,0.5071778808655015,fusion,inductive,54,116.5116593837738,131588,6159.6728515625,272,0.7854366951508085
0.8013750152578559,0.3440643863179074,0.41911764705882354,0.37790055248618787,0.6721713527168377,0.3465491075457046,171,326,8107,237,0.03865765445274516,0.580882352941175,0.7697822280815563,0.39604588015276176,gat_zero_dgi,inductive,54,20.049226999282837,123396,6159.5166015625,47,0.46540052628619777
0.932787648035822,0.7476635514018691,0.39215686274509803,0.5144694533762058,0.7483836129718074,0.5266161360352986,160,54,8379,248,0.006403415154749198,0.6078431372549005,0.8436351239179414,0.4800059729180654,fusion,inductive,55,45.89187574386597,131588,6160.51611328125,107,0.68314953343223
0.9049989045716077,0.7307692307692307,0.41911764705882354,0.5327102803738317,0.7575523232855075,0.5380371357576023,171,63,8370,237,0.007470651013874064,0.580882352941175,0.8759992257308472,0.5069671307660673,gat_zero_dgi,inductive,55,107.66940093040466,123396,6160.380859375,254,0.8042440480554363
0.9632015370576116,0.6707818930041153,0.39950980392156865,0.500768049155146,0.7408426001162964,0.5005065735973022,163,80,8353,245,0.009486540969998812,0.6004901960784299,0.8538691950158458,0.49197990950648735,fusion,inductive,56,50.59269118309021,131588,6159.6728515625,118,0.7358489711053566
0.8444315611499629,0.28664495114006516,0.43137254901960786,0.34442270058708413,0.6521033070762552,0.31314980160077155,176,438,7995,232,0.051938811810743495,0.5686274509803907,0.7838347481765149,0.3793392864214636,gat_zero_dgi,inductive,56,20.848621129989624,123396,6159.5166015625,49,0.5197847063150743
0.9220007845800217,0.8571428571428571,0.38235294117647056,0.5288135593220339,0.7562743200307807,0.5604022213952841,156,26,8407,252,0.003083125815249614,0.6176470588235279,0.8461230157899754,0.49704481798686306,fusion,inductive,57,53.16835069656372,131588,6160.51611328125,124,0.7581330812189597
0.7466211524261653,0.5824561403508772,0.4068627450980392,0.4790764790764791,0.7289137177888723,0.46653172636393003,166,119,8314,242,0.014111229692873232,0.5931372549019593,0.8812455967801563,0.4721289713022835,gat_zero_dgi,inductive,57,57.29128074645996,123396,6160.380859375,135,0.7510804647515552
0.7161712907765008,0.7926267281105991,0.4215686274509804,0.5504,0.7669629125872076,0.5643815712174592,172,45,8388,236,0.005336179295624332,0.5784313725490181,0.8636423085776466,0.5168799114427354,fusion,inductive,58,91.69932126998901,131588,6159.6728515625,214,0.7466432108798386
0.8283554356392115,0.5182926829268293,0.4166666666666667,0.46195652173913043,0.7192940876133396,0.44172338511281695,170,158,8275,238,0.018735918415747652,0.5833333333333318,0.8041854711764937,0.41996910243618896,gat_zero_dgi,inductive,58,22.165618896484375,123396,6159.5166015625,52,0.5590972104763793
0.7200140610133136,0.68,0.4166666666666667,0.5167173252279635,0.749018906974884,0.5153660905467298,170,80,8353,238,0.009486540969998812,0.5833333333333318,0.8521140105514516,0.46668849943688445,fusion,inductive,59,86.13673520088196,131588,6160.51611328125,201,0.8119007753242696
0.8910025621813566,0.6652892561983471,0.3946078431372549,0.49538461538461537,0.7380633739205839,0.4950547962593471,161,81,8352,247,0.009605122732123798,0.6053921568627436,0.8647528500312729,0.4641074063032763,gat_zero_dgi,inductive,59,55.99559020996094,123396,6160.380859375,132,0.7501917800875256
0.8239209030239071,0.7757847533632287,0.42401960784313725,0.5483359746434231,0.7658107062238287,0.5594171486017627,173,50,8383,235,0.0059290881062492575,0.5759803921568613,0.8500764677980762,0.525836653793378,fusion,inductive,60,125.93613290786743,131588,6159.6728515625,294,0.7850648888737357
0.9473381865981041,0.6452830188679245,0.41911764705882354,0.5081723625557206,0.7443560384123186,0.5019784353102776,171,94,8339,237,0.011146685639748605,0.580882352941175,0.8581927790682264,0.503409612435486,gat_zero_dgi,inductive,60,61.561346769332886,123396,6159.5166015625,145,0.7722959906985515
0.7945229246658355,0.5486381322957199,0.34558823529411764,0.42406015037593986,0.7007766227580469,0.4144087940923475,141,116,8317,267,0.013755484406498278,0.6544117647058807,0.8068166493444289,0.37628727570351084,fusion,inductive,61,19.786256313323975,131588,6160.51611328125,46,0.4869914678027783
0.8531066930457332,0.43636363636363634,0.4117647058823529,0.42370744010088274,0.6983242037972588,0.39685523003997747,168,217,8216,240,0.02573224238112178,0.5882352941176456,0.7906075687716092,0.4175563799456067,gat_zero_dgi,inductive,61,22.98250961303711,123396,6160.380859375,54,0.5571813767265427
