threshold,precision,recall,f1_illicit,f1_macro,mcc,tp,fp,tn,fn,fpr,fnr,roc_auc,pr_auc,method,regime,quantile,eps,n_clusters
0.0,0.02158273381294964,1.0,0.04225352112676056,0.02112676056338028,0.0,3,136,0,0,0.9999999999999927,0.0,1.0,1.0,RandomForest,all (reproduces round-1),0.5,,
0.0,0.02158273381294964,1.0,0.04225352112676056,0.02112676056338028,0.0,3,136,0,0,0.9999999999999927,0.0,1.0,1.0,RandomForest,all (reproduces round-1),0.5127948717948718,,
0.0,0.02158273381294964,1.0,0.04225352112676056,0.02112676056338028,0.0,3,136,0,0,0.9999999999999927,0.0,1.0,1.0,RandomForest,all (reproduces round-1),0.5255897435897436,,
0.0,0.02158273381294964,1.0,0.04225352112676056,0.02112676056338028,0.0,3,136,0,0,0.9999999999999927,0.0,1.0,1.0,RandomForest,all (reproduces round-1),0.5383846153846154,,
0.0,0.02158273381294964,1.0,0.04225352112676056,0.02112676056338028,0.0,3,136,0,0,0.9999999999999927,0.0,1.0,1.0,RandomForest,all (reproduces round-1),0.5511794871794872,,
0.0,0.02158273381294964,1.0,0.04225352112676056,0.02112676056338028,0.0,3,136,0,0,0.9999999999999927,0.0,1.0,1.0,RandomForest,all (reproduces round-1),0.563974358974359,,
0.0,0.02158273381294964,1.0,0.04225352112676056,0.02112676056338028,0.0,3,136,0,0,0.9999999999999927,0.0,1.0,1.0,RandomForest,all (reproduces round-1),0.5767692307692308,,
0.0,0.02158273381294964,1.0,0.04225352112676056,0.02112676056338028,0.0,3,136,0,0,0.9999999999999927,0.0,1.0,1.0,RandomForest,all (reproduces round-1),0.5895641025641025,,
0.0,0.02158273381294964,1.0,0.04225352112676056,0.02112676056338028,0.0,3,136,0,0,0.9999999999999927,0.0,1.0,1.0,RandomForest,all (reproduces round-1),0.6023589743589743,,
0.0,0.02158273381294964,1.0,0.04225352112676056,0.02112676056338028,0.0,3,136,0,0,0.9999999999999927,0.0,1.0,1.0,RandomForest,all (reproduces round-1),0.6151538461538462,,
0.0,0.02158273381294964,1.0,0.04225352112676056,0.02112676056338028,0.0,3,136,0,0,0.9999999999999927,0.0,1.0,1.0,RandomForest,all (reproduces round-1),0.627948717948718,,
0.0,0.02158273381294964,1.0,0.04225352112676056,0.02112676056338028,0.0,3,136,0,0,0.9999999999999927,0.0,1.0,1.0,RandomForest,all (reproduces round-1),0.6407435897435898,,
0.0,0.02158273381294964,1.0,0.04225352112676056,0.02112676056338028,0.0,3,136,0,0,0.9999999999999927,0.0,1.0,1.0,RandomForest,all (reproduces round-1),0.6535384615384615,,
0.0,0.02158273381294964,1.0,0.04225352112676056,0.02112676056338028,0.0,3,136,0,0,0.9999999999999927,0.0,1.0,1.0,RandomForest,all (reproduces round-1),0.6663333333333333,,
0.0,0.02158273381294964,1.0,0.04225352112676056,0.02112676056338028,0.0,3,136,0,0,0.9999999999999927,0.0,1.0,1.0,RandomForest,all (reproduces round-1),0.6791282051282052,,
0.0,0.02158273381294964,1.0,0.04225352112676056,0.02112676056338028,0.0,3,136,0,0,0.9999999999999927,0.0,1.0,1.0,RandomForest,all (reproduces round-1),0.6919230769230769,,
0.0,0.02158273381294964,1.0,0.04225352112676056,0.02112676056338028,0.0,3,136,0,0,0.9999999999999927,0.0,1.0,1.0,RandomForest,all (reproduces round-1),0.7047179487179487,,
0.0,0.02158273381294964,1.0,0.04225352112676056,0.02112676056338028,0.0,3,136,0,0,0.9999999999999927,0.0,1.0,1.0,RandomForest,all (reproduces round-1),0.7175128205128205,,
0.0,0.02158273381294964,1.0,0.04225352112676056,0.02112676056338028,0.0,3,136,0,0,0.9999999999999927,0.0,1.0,1.0,RandomForest,all (reproduces round-1),0.7303076923076923,,
0.0,0.02158273381294964,1.0,0.04225352112676056,0.02112676056338028,0.0,3,136,0,0,0.9999999999999927,0.0,1.0,1.0,RandomForest,all (reproduces round-1),0.7431025641025641,,
0.0,0.02158273381294964,1.0,0.04225352112676056,0.02112676056338028,0.0,3,136,0,0,0.9999999999999927,0.0,1.0,1.0,RandomForest,all (reproduces round-1),0.755897435897436,,
0.0,0.02158273381294964,1.0,0.04225352112676056,0.02112676056338028,0.0,3,136,0,0,0.9999999999999927,0.0,1.0,1.0,RandomForest,all (reproduces round-1),0.7686923076923077,,
0.0,0.02158273381294964,1.0,0.04225352112676056,0.02112676056338028,0.0,3,136,0,0,0.9999999999999927,0.0,1.0,1.0,RandomForest,all (reproduces round-1),0.7814871794871795,,
0.0,0.02158273381294964,1.0,0.04225352112676056,0.02112676056338028,0.0,3,136,0,0,0.9999999999999927,0.0,1.0,1.0,RandomForest,all (reproduces round-1),0.7942820512820512,,
0.0,0.02158273381294964,1.0,0.04225352112676056,0.02112676056338028,0.0,3,136,0,0,0.9999999999999927,0.0,1.0,1.0,RandomForest,all (reproduces round-1),0.807076923076923,,
0.0,0.02158273381294964,1.0,0.04225352112676056,0.02112676056338028,0.0,3,136,0,0,0.9999999999999927,0.0,1.0,1.0,RandomForest,all (reproduces round-1),0.8198717948717948,,
0.0,0.02158273381294964,1.0,0.04225352112676056,0.02112676056338028,0.0,3,136,0,0,0.9999999999999927,0.0,1.0,1.0,RandomForest,all (reproduces round-1),0.8326666666666667,,
0.0,0.02158273381294964,1.0,0.04225352112676056,0.02112676056338028,0.0,3,136,0,0,0.9999999999999927,0.0,1.0,1.0,RandomForest,all (reproduces round-1),0.8454615384615385,,
0.0,0.02158273381294964,1.0,0.04225352112676056,0.02112676056338028,0.0,3,136,0,0,0.9999999999999927,0.0,1.0,1.0,RandomForest,all (reproduces round-1),0.8582564102564103,,
0.0,0.02158273381294964,1.0,0.04225352112676056,0.02112676056338028,0.0,3,136,0,0,0.9999999999999927,0.0,1.0,1.0,RandomForest,all (reproduces round-1),0.871051282051282,,
0.0,0.02158273381294964,1.0,0.04225352112676056,0.02112676056338028,0.0,3,136,0,0,0.9999999999999927,0.0,1.0,1.0,RandomForest,all (reproduces round-1),0.8838461538461538,,
0.0,0.02158273381294964,1.0,0.04225352112676056,0.02112676056338028,0.0,3,136,0,0,0.9999999999999927,0.0,1.0,1.0,RandomForest,all (reproduces round-1),0.8966410256410255,,
0.0,0.02158273381294964,1.0,0.04225352112676056,0.02112676056338028,0.0,3,136,0,0,0.9999999999999927,0.0,1.0,1.0,RandomForest,all (reproduces round-1),0.9094358974358974,,
0.0,0.02158273381294964,1.0,0.04225352112676056,0.02112676056338028,0.0,3,136,0,0,0.9999999999999927,0.0,1.0,1.0,RandomForest,all (reproduces round-1),0.9222307692307692,,
7.349213058948253e-05,0.3333333333333333,1.0,0.5,0.7387218045112782,0.5644709478621484,3,6,130,0,0.044117647058823206,0.0,1.0,1.0,RandomForest,all (reproduces round-1),0.935025641025641,,
0.003689952287333185,0.375,1.0,0.5454545454545454,0.7633639768471229,0.6010101790270425,3,5,131,0,0.03676470588235267,0.0,1.0,1.0,RandomForest,all (reproduces round-1),0.9478205128205128,,
0.004066423601933503,0.375,1.0,0.5454545454545454,0.7633639768471229,0.6010101790270425,3,5,131,0,0.03676470588235267,0.0,1.0,1.0,RandomForest,all (reproduces round-1),0.9606153846153846,,
0.004066423601933503,0.375,1.0,0.5454545454545454,0.7633639768471229,0.6010101790270425,3,5,131,0,0.03676470588235267,0.0,1.0,1.0,RandomForest,all (reproduces round-1),0.9734102564102565,,
0.7210127530984556,1.0,0.6666666666666666,0.8,0.8981684981684982,0.8135112086615678,2,0,136,1,0.0,0.33333333333322224,1.0,1.0,RandomForest,all (reproduces round-1),0.9862051282051282,,
0.9764111664570659,1.0,0.3333333333333333,0.5,0.7463503649635037,0.5731513024140634,1,0,136,2,0.0,0.6666666666664445,1.0,1.0,RandomForest,all (reproduces round-1),0.999,,
0.5,0.0,0.0,0.0,0.49454545454545457,0.0,0,0,136,3,0.0,0.9999999999996666,0.5,0.02158273381294964,DBSCAN,all (reproduces round-1),,0.2,350.0
0.5,0.0,0.0,0.0,0.49454545454545457,0.0,0,0,136,3,0.0,0.9999999999996666,0.5,0.02158273381294964,DBSCAN,all (reproduces round-1),,0.3,387.0
0.5,0.3333333333333333,0.3333333333333333,0.3333333333333333,0.6593137254901961,0.31862745098039214,1,2,134,2,0.014705882352941069,0.6666666666664445,0.6593137254901961,0.1254996003197442,DBSCAN,all (reproduces round-1),,0.4,300.0
0.5,0.0,0.0,0.0,0.49454545454545457,0.0,0,0,136,3,0.0,0.9999999999996666,0.5,0.02158273381294964,DBSCAN,all (reproduces round-1),,0.5,164.0
0.5,0.0,0.0,0.0,0.49454545454545457,0.0,0,0,136,3,0.0,0.9999999999996666,0.5,0.02158273381294964,DBSCAN,all (reproduces round-1),,0.6,86.0
0.5,0.3333333333333333,0.3333333333333333,0.3333333333333333,0.6593137254901961,0.31862745098039214,1,2,134,2,0.014705882352941069,0.6666666666664445,0.6593137254901961,0.1254996003197442,DBSCAN,all (reproduces round-1),,0.8,59.0
0.5,0.3333333333333333,0.3333333333333333,0.3333333333333333,0.6593137254901961,0.31862745098039214,1,2,134,2,0.014705882352941069,0.6666666666664445,0.6593137254901961,0.1254996003197442,DBSCAN,all (reproduces round-1),,1.0,49.0
0.5,0.3333333333333333,0.3333333333333333,0.3333333333333333,0.6593137254901961,0.31862745098039214,1,2,134,2,0.014705882352941069,0.6666666666664445,0.6593137254901961,0.1254996003197442,DBSCAN,all (reproduces round-1),,1.5,45.0
0.5,0.3333333333333333,0.3333333333333333,0.3333333333333333,0.6593137254901961,0.31862745098039214,1,2,134,2,0.014705882352941069,0.6666666666664445,0.6593137254901961,0.1254996003197442,DBSCAN,all (reproduces round-1),,2.0,48.0
0.0,0.02158273381294964,1.0,0.04225352112676056,0.02112676056338028,0.0,3,136,0,0,0.9999999999999927,0.0,0.9852941176470588,0.7777777777777777,RandomForest,disjoint from label,0.5,,
0.0,0.02158273381294964,1.0,0.04225352112676056,0.02112676056338028,0.0,3,136,0,0,0.9999999999999927,0.0,0.9852941176470588,0.7777777777777777,RandomForest,disjoint from label,0.5127948717948718,,
0.0,0.02158273381294964,1.0,0.04225352112676056,0.02112676056338028,0.0,3,136,0,0,0.9999999999999927,0.0,0.9852941176470588,0.7777777777777777,RandomForest,disjoint from label,0.5255897435897436,,
0.0,0.02158273381294964,1.0,0.04225352112676056,0.02112676056338028,0.0,3,136,0,0,0.9999999999999927,0.0,0.9852941176470588,0.7777777777777777,RandomForest,disjoint from label,0.5383846153846154,,
0.0,0.02158273381294964,1.0,0.04225352112676056,0.02112676056338028,0.0,3,136,0,0,0.9999999999999927,0.0,0.9852941176470588,0.7777777777777777,RandomForest,disjoint from label,0.5511794871794872,,
0.0,0.02158273381294964,1.0,0.04225352112676056,0.02112676056338028,0.0,3,136,0,0,0.9999999999999927,0.0,0.9852941176470588,0.7777777777777777,RandomForest,disjoint from label,0.563974358974359,,
0.0,0.02158273381294964,1.0,0.04225352112676056,0.02112676056338028,0.0,3,136,0,0,0.9999999999999927,0.0,0.9852941176470588,0.7777777777777777,RandomForest,disjoint from label,0.5767692307692308,,
0.0,0.02158273381294964,1.0,0.04225352112676056,0.02112676056338028,0.0,3,136,0,0,0.9999999999999927,0.0,0.9852941176470588,0.7777777777777777,RandomForest,disjoint from label,0.5895641025641025,,
0.0,0.02158273381294964,1.0,0.04225352112676056,0.02112676056338028,0.0,3,136,0,0,0.9999999999999927,0.0,0.9852941176470588,0.7777777777777777,RandomForest,disjoint from label,0.6023589743589743,,
0.0,0.02158273381294964,1.0,0.04225352112676056,0.02112676056338028,0.0,3,136,0,0,0.9999999999999927,0.0,0.9852941176470588,0.7777777777777777,RandomForest,disjoint from label,0.6151538461538462,,
0.0,0.02158273381294964,1.0,0.04225352112676056,0.02112676056338028,0.0,3,136,0,0,0.9999999999999927,0.0,0.9852941176470588,0.7777777777777777,RandomForest,disjoint from label,0.627948717948718,,
0.0,0.02158273381294964,1.0,0.04225352112676056,0.02112676056338028,0.0,3,136,0,0,0.9999999999999927,0.0,0.9852941176470588,0.7777777777777777,RandomForest,disjoint from label,0.6407435897435898,,
0.0,0.02158273381294964,1.0,0.04225352112676056,0.02112676056338028,0.0,3,136,0,0,0.9999999999999927,0.0,0.9852941176470588,0.7777777777777777,RandomForest,disjoint from label,0.6535384615384615,,
0.0,0.02158273381294964,1.0,0.04225352112676056,0.02112676056338028,0.0,3,136,0,0,0.9999999999999927,0.0,0.9852941176470588,0.7777777777777777,RandomForest,disjoint from label,0.6663333333333333,,
0.0,0.02158273381294964,1.0,0.04225352112676056,0.02112676056338028,0.0,3,136,0,0,0.9999999999999927,0.0,0.9852941176470588,0.7777777777777777,RandomForest,disjoint from label,0.6791282051282052,,
0.0,0.02158273381294964,1.0,0.04225352112676056,0.02112676056338028,0.0,3,136,0,0,0.9999999999999927,0.0,0.9852941176470588,0.7777777777777777,RandomForest,disjoint from label,0.6919230769230769,,
0.0,0.02158273381294964,1.0,0.04225352112676056,0.02112676056338028,0.0,3,136,0,0,0.9999999999999927,0.0,0.9852941176470588,0.7777777777777777,RandomForest,disjoint from label,0.7047179487179487,,
0.0,0.02158273381294964,1.0,0.04225352112676056,0.02112676056338028,0.0,3,136,0,0,0.9999999999999927,0.0,0.9852941176470588,0.7777777777777777,RandomForest,disjoint from label,0.7175128205128205,,
0.0,0.02158273381294964,1.0,0.04225352112676056,0.02112676056338028,0.0,3,136,0,0,0.9999999999999927,0.0,0.9852941176470588,0.7777777777777777,RandomForest,disjoint from label,0.7303076923076923,,
0.0,0.02158273381294964,1.0,0.04225352112676056,0.02112676056338028,0.0,3,136,0,0,0.9999999999999927,0.0,0.9852941176470588,0.7777777777777777,RandomForest,disjoint from label,0.7431025641025641,,
0.0,0.02158273381294964,1.0,0.04225352112676056,0.02112676056338028,0.0,3,136,0,0,0.9999999999999927,0.0,0.9852941176470588,0.7777777777777777,RandomForest,disjoint from label,0.755897435897436,,
0.0,0.02158273381294964,1.0,0.04225352112676056,0.02112676056338028,0.0,3,136,0,0,0.9999999999999927,0.0,0.9852941176470588,0.7777777777777777,RandomForest,disjoint from label,0.7686923076923077,,
0.0,0.02158273381294964,1.0,0.04225352112676056,0.02112676056338028,0.0,3,136,0,0,0.9999999999999927,0.0,0.9852941176470588,0.7777777777777777,RandomForest,disjoint from label,0.7814871794871795,,
0.0,0.02158273381294964,1.0,0.04225352112676056,0.02112676056338028,0.0,3,136,0,0,0.9999999999999927,0.0,0.9852941176470588,0.7777777777777777,RandomForest,disjoint from label,0.7942820512820512,,
0.0,0.02158273381294964,1.0,0.04225352112676056,0.02112676056338028,0.0,3,136,0,0,0.9999999999999927,0.0,0.9852941176470588,0.7777777777777777,RandomForest,disjoint from label,0.807076923076923,,
0.0,0.02158273381294964,1.0,0.04225352112676056,0.02112676056338028,0.0,3,136,0,0,0.9999999999999927,0.0,0.9852941176470588,0.7777777777777777,RandomForest,disjoint from label,0.8198717948717948,,
0.0,0.02158273381294964,1.0,0.04225352112676056,0.02112676056338028,0.0,3,136,0,0,0.9999999999999927,0.0,0.9852941176470588,0.7777777777777777,RandomForest,disjoint from label,0.8326666666666667,,
0.0,0.02158273381294964,1.0,0.04225352112676056,0.02112676056338028,0.0,3,136,0,0,0.9999999999999927,0.0,0.9852941176470588,0.7777777777777777,RandomForest,disjoint from label,0.8454615384615385,,
0.0,0.02158273381294964,1.0,0.04225352112676056,0.02112676056338028,0.0,3,136,0,0,0.9999999999999927,0.0,0.9852941176470588,0.7777777777777777,RandomForest,disjoint from label,0.8582564102564103,,
0.0,0.02158273381294964,1.0,0.04225352112676056,0.02112676056338028,0.0,3,136,0,0,0.9999999999999927,0.0,0.9852941176470588,0.7777777777777777,RandomForest,disjoint from label,0.871051282051282,,
0.0,0.02158273381294964,1.0,0.04225352112676056,0.02112676056338028,0.0,3,136,0,0,0.9999999999999927,0.0,0.9852941176470588,0.7777777777777777,RandomForest,disjoint from label,0.8838461538461538,,
0.0,0.02158273381294964,1.0,0.04225352112676056,0.02112676056338028,0.0,3,136,0,0,0.9999999999999927,0.0,0.9852941176470588,0.7777777777777777,RandomForest,disjoint from label,0.8966410256410255,,
0.0,0.02158273381294964,1.0,0.04225352112676056,0.02112676056338028,0.0,3,136,0,0,0.9999999999999927,0.0,0.9852941176470588,0.7777777777777777,RandomForest,disjoint from label,0.9094358974358974,,
0.00131186135641024,0.2727272727272727,1.0,0.42857142857142855,0.6991341991341992,0.5066403971048989,3,8,128,0,0.058823529411764275,0.0,0.9852941176470588,0.7777777777777777,RandomForest,disjoint from label,0.9222307692307692,,
0.009699493492232609,0.3333333333333333,1.0,0.5,0.7387218045112782,0.5644709478621484,3,6,130,0,0.044117647058823206,0.0,0.9852941176470588,0.7777777777777777,RandomForest,disjoint from label,0.935025641025641,,
0.017733540376534785,0.25,0.6666666666666666,0.36363636363636365,0.6687095675859721,0.38843914878592567,2,6,130,1,0.044117647058823206,0.33333333333322224,0.9852941176470588,0.7777777777777777,RandomForest,disjoint from label,0.9478205128205128,,
0.02426933078328307,0.3333333333333333,0.6666666666666666,0.4444444444444444,0.7129285419248245,0.45566095993983086,2,4,132,1,0.029411764705882137,0.33333333333322224,0.9852941176470588,0.7777777777777777,RandomForest,disjoint from label,0.9606153846153846,,
0.04229799689635652,0.5,0.6666666666666666,0.5714285714285714,0.7801792303637323,0.5667019084261126,2,2,134,1,0.014705882352941069,0.33333333333322224,0.9852941176470588,0.7777777777777777,RandomForest,disjoint from label,0.9734102564102565,,
0.09592324331681037,1.0,0.6666666666666666,0.8,0.8981684981684982,0.8135112086615678,2,0,136,1,0.0,0.33333333333322224,0.9852941176470588,0.7777777777777777,RandomForest,disjoint from label,0.9862051282051282,,
0.7795714898276768,1.0,0.3333333333333333,0.5,0.7463503649635037,0.5731513024140634,1,0,136,2,0.0,0.6666666666664445,0.9852941176470588,0.7777777777777777,RandomForest,disjoint from label,0.999,,
0.5,0.05263157894736842,0.6666666666666666,0.0975609756097561,0.47072141607492024,0.13105731955016295,2,36,100,1,0.26470588235293924,0.33333333333322224,0.7009803921568628,0.04228196390256216,DBSCAN,disjoint from label,,0.2,161.0
0.5,0.0,0.0,0.0,0.49454545454545457,0.0,0,0,136,3,0.0,0.9999999999996666,0.5,0.02158273381294964,DBSCAN,disjoint from label,,0.3,128.0
0.5,0.0,0.0,0.0,0.49454545454545457,0.0,0,0,136,3,0.0,0.9999999999996666,0.5,0.02158273381294964,DBSCAN,disjoint from label,,0.4,111.0
0.5,0.0,0.0,0.0,0.4927007299270073,-0.01264304343560434,0,1,135,3,0.007352941176470534,0.9999999999996666,0.4963235294117647,0.02158273381294964,DBSCAN,disjoint from label,,0.5,55.0
0.5,0.0,0.0,0.0,0.49454545454545457,0.0,0,0,136,3,0.0,0.9999999999996666,0.5,0.02158273381294964,DBSCAN,disjoint from label,,0.6,30.0
0.5,0.0,0.0,0.0,0.49454545454545457,0.0,0,0,136,3,0.0,0.9999999999996666,0.5,0.02158273381294964,DBSCAN,disjoint from label,,0.8,26.0
0.5,0.0,0.0,0.0,0.49454545454545457,0.0,0,0,136,3,0.0,0.9999999999996666,0.5,0.02158273381294964,DBSCAN,disjoint from label,,1.0,27.0
0.5,0.0,0.0,0.0,0.49454545454545457,0.0,0,0,136,3,0.0,0.9999999999996666,0.5,0.02158273381294964,DBSCAN,disjoint from label,,1.5,17.0
0.5,0.0,0.0,0.0,0.49454545454545457,0.0,0,0,136,3,0.0,0.9999999999996666,0.5,0.02158273381294964,DBSCAN,disjoint from label,,2.0,12.0
