threshold,precision,recall,f1_illicit,f1_macro,mcc,tp,fp,tn,fn,fpr,fnr,roc_auc,pr_auc,method,regime,seed,n_clusters
0.5,0.0,0.0,0.0,0.49454545454545457,0.0,0,0,136,3,0.0,0.9999999999996666,0.5,0.02158273381294964,DBSCAN (frozen map),all (reproduces round-1),42,86
0.5,0.0,0.0,0.0,0.49454545454545457,0.0,0,0,136,3,0.0,0.9999999999996666,0.5,0.02158273381294964,DBSCAN (frozen map),all (reproduces round-1),43,67
0.5,0.0,0.0,0.0,0.49454545454545457,0.0,0,0,136,3,0.0,0.9999999999996666,0.5,0.02158273381294964,DBSCAN (frozen map),all (reproduces round-1),44,84
0.5,0.0,0.0,0.0,0.49454545454545457,0.0,0,0,136,3,0.0,0.9999999999996666,0.5,0.02158273381294964,DBSCAN (frozen map),all (reproduces round-1),45,79
0.5,0.3333333333333333,0.3333333333333333,0.3333333333333333,0.6593137254901961,0.31862745098039214,1,2,134,2,0.014705882352941069,0.6666666666664445,0.6593137254901961,0.1254996003197442,DBSCAN (frozen map),all (reproduces round-1),46,87
0.029948844421882618,1.0,1.0,1.0,1.0,1.0,3,0,136,0,0.0,0.0,1.0,1.0,RandomForest (supervised),all (reproduces round-1),42,0
0.024742860969574867,1.0,1.0,1.0,1.0,1.0,3,0,136,0,0.0,0.0,1.0,1.0,RandomForest (supervised),all (reproduces round-1),43,0
0.02925931270457124,1.0,1.0,1.0,1.0,1.0,3,0,136,0,0.0,0.0,1.0,1.0,RandomForest (supervised),all (reproduces round-1),44,0
0.029951860549638828,1.0,1.0,1.0,1.0,1.0,3,0,136,0,0.0,0.0,1.0,1.0,RandomForest (supervised),all (reproduces round-1),45,0
0.034566374178696554,1.0,1.0,1.0,1.0,1.0,3,0,136,0,0.0,0.0,1.0,1.0,RandomForest (supervised),all (reproduces round-1),46,0
0.5,0.0,0.0,0.0,0.49454545454545457,0.0,0,0,136,3,0.0,0.9999999999996666,0.5,0.02158273381294964,DBSCAN (frozen map),disjoint from label,42,30
0.5,0.0,0.0,0.0,0.49454545454545457,0.0,0,0,136,3,0.0,0.9999999999996666,0.5,0.02158273381294964,DBSCAN (frozen map),disjoint from label,43,20
0.5,0.0,0.0,0.0,0.49454545454545457,0.0,0,0,136,3,0.0,0.9999999999996666,0.5,0.02158273381294964,DBSCAN (frozen map),disjoint from label,44,22
0.5,0.0,0.0,0.0,0.4927007299270073,-0.01264304343560434,0,1,135,3,0.007352941176470534,0.9999999999996666,0.4963235294117647,0.02158273381294964,DBSCAN (frozen map),disjoint from label,45,20
0.5,0.0,0.0,0.0,0.4927007299270073,-0.01264304343560434,0,1,135,3,0.007352941176470534,0.9999999999996666,0.4963235294117647,0.02158273381294964,DBSCAN (frozen map),disjoint from label,46,22
0.2820584671320167,1.0,0.3333333333333333,0.5,0.7463503649635037,0.5731513024140634,1,0,136,2,0.0,0.6666666666664445,0.9852941176470588,0.7777777777777777,RandomForest (supervised),disjoint from label,42,0
0.2813310255550466,1.0,0.3333333333333333,0.5,0.7463503649635037,0.5731513024140634,1,0,136,2,0.0,0.6666666666664445,0.9901960784313726,0.8095238095238095,RandomForest (supervised),disjoint from label,43,0
0.2736782809670851,1.0,0.3333333333333333,0.5,0.7463503649635037,0.5731513024140634,1,0,136,2,0.0,0.6666666666664445,0.9779411764705883,0.75,RandomForest (supervised),disjoint from label,44,0
0.27650704191745584,1.0,0.3333333333333333,0.5,0.7463503649635037,0.5731513024140634,1,0,136,2,0.0,0.6666666666664445,0.9852941176470589,0.7777777777777777,RandomForest (supervised),disjoint from label,45,0
0.276343043289707,1.0,0.3333333333333333,0.5,0.7463503649635037,0.5731513024140634,1,0,136,2,0.0,0.6666666666664445,0.9803921568627452,0.7575757575757576,RandomForest (supervised),disjoint from label,46,0
