feature,importance_mean,importance_std
f_58,0.01203942538593059,0.00032614286671935657
f_54,0.009287750724579102,0.002025705934355645
f_52,0.00839238596626506,0.0020337570175630922
f_65,0.006983897220867697,0.00025872819956721156
f_28,0.006830797582790071,0.00048163028338368743
f_51,0.006546788696102046,0.0015911348522585568
f_60,0.006389481105629957,0.00036400183419275987
f_66,0.005490709531037497,0.00042584669302323837
f_64,0.005282945798759486,0.0002537320542333651
f_59,0.004970932340833167,0.0002988269380726611
f_42,0.004258171503555652,0.0016496922044776422
f_76,0.004125315764158877,0.0006064235160723144
f_22,0.004019627616754428,0.0004442276987309518
f_48,0.0039336879387238954,0.0018138650369979115
f_45,0.002994673584532681,0.0008868104572917533
f_27,0.002978637985991095,0.00030485406807120136
f_39,0.0029207517002677874,0.0007644605316211207
f_2,0.002615567379256933,0.0002490494153807314
f_30,0.002517827099931258,0.0003037746324614197
f_153,0.002272873175597989,0.0004007372422373744
f_124,0.0022508361088840025,0.00042454666748935197
f_17,0.0021375548776954465,0.002200653145543106
f_0,0.0020665301811178317,0.00025784062549968017
f_24,0.002062379766363165,0.00038446419586976073
f_16,0.0019920670022657294,0.0002497266355683465
f_78,0.001824743277798513,0.000552781176977455
f_157,0.0018243204187918915,0.00034180514745378327
f_126,0.0017942644736166692,0.00021340657332337364
f_158,0.0017585447153603772,0.0003918484657443423
f_8,0.0016816287747500659,0.00023273817193426532
f_88,0.0016461059154871172,0.00046637091623013074
f_82,0.001533067354370332,0.00026854740395491645
f_13,0.0014924400045480235,0.0006418391203598779
f_46,0.0014416130068236389,0.0016613182039257532
f_21,0.0014183810542242382,0.0004198406323783512
f_79,0.0013495505090337367,0.000474673479167371
f_40,0.0012826802486343824,0.001359534401175697
f_89,0.0012355113158049491,0.0016847178917891914
f_4,0.0011242437221748668,0.0006045325641741267
f_159,0.001037634695458689,0.000857656775721447
f_83,0.0010007409707132654,0.0004214155455207921
f_101,0.0009152191119356611,0.00014266994338467105
f_90,0.0008541682767700953,0.00026946930365977445
f_9,0.0008346596474749002,0.0002836551291740317
f_150,0.0008203712227294435,0.00017954175469667014
f_84,0.000811246137640409,0.00032697669850634
f_129,0.0007960425649670699,0.0002049922527159606
f_91,0.0007850140201384415,0.0001424887182863394
f_147,0.0007290167506826872,0.00018041478853004575
f_104,0.0007162084555194737,8.587189093725308e-05
f_80,0.0006848016511474375,0.000619652685031962
f_120,0.0006725734469759992,0.00025115001811359613
f_105,0.0006666643284063189,0.00016868947627038755
f_23,0.0006614417540122374,0.0002140248462321636
f_123,0.0006346397317600339,0.00018569043036005209
f_77,0.0006118235199430777,0.00019692859172784247
f_98,0.0005663715071271058,0.00011896790292196062
f_1,0.0005177261943411726,0.0004059037689117694
f_160,0.0005095047393638863,0.0005244642566766045
f_163,0.0004924711315205888,0.0001439502653228448
f_118,0.00045554315801281663,0.00015988848184018706
f_87,0.0004486486194185124,0.00016387737062547355
f_18,0.00044384905199893463,0.00026392171659798117
f_164,0.00041369023569364226,0.00020380044807237425
f_130,0.0003793777938175813,0.000233372140786977
f_161,0.00035960438350979285,0.0006081292344921335
f_151,0.00035723524516957373,0.00013914715111845808
f_11,0.0003160576214135347,0.00017644047345888986
f_5,0.00030732537825864934,0.00035300044243064037
f_103,0.000278630606912933,6.481553917802481e-05
f_140,0.0002769136430877617,9.759152168391613e-05
f_75,0.0002759761972107033,0.00013890642246245648
f_152,0.00025975372549733586,0.0001125672167720894
f_121,0.0002562662176460062,8.893653659979729e-05
f_81,0.00025553532591825466,0.00011222359285490175
f_19,0.0002502422664666604,0.0002342926989122896
f_137,0.0002469681029237947,0.0002618292471166408
f_108,0.00019932405334421865,0.00014362947325991643
f_10,0.0001957848874831303,0.0002081755481993509
f_133,0.0001925350595134323,0.0002415925160639135
f_110,0.0001830140053272422,7.29484637002864e-05
f_145,0.00017327158707693968,8.117109628154926e-05
f_112,0.0001705234632517594,7.206414524652106e-05
f_107,0.00016675410723120397,0.00014738965840759282
f_146,0.00016463722799338055,8.986291354034447e-05
f_119,0.0001638565961808003,8.047746989355726e-05
f_86,0.00016282781390519752,8.66537048921981e-05
f_97,0.00015847060141510605,7.699739933540147e-05
f_36,0.00014747347851692404,0.00010405129730957801
f_136,0.00014575932013318748,3.127267309795227e-05
f_50,0.00012716395991538843,5.746636495416325e-05
f_94,9.877191172782406e-05,0.0001479843693148908
f_68,9.207738822905042e-05,4.106005552831498e-05
f_25,9.09780730868115e-05,7.562516349281256e-05
f_34,8.818128563296002e-05,0.0001111687944692939
f_92,8.47090399724415e-05,0.00010297297600180715
f_149,7.946852675670968e-05,0.00013174096452336827
f_109,6.49942716933971e-05,3.294441404883775e-05
f_63,5.482071135313182e-05,0.0006880313271985685
f_20,5.307754976154877e-05,0.0001543257529699322
f_125,5.290239478227266e-05,0.00011520808831387912
f_85,4.374778154542236e-05,0.0001428693735374629
f_148,4.3465078296867075e-05,6.225460854411175e-05
f_96,4.3398451903720045e-05,0.00014105695753557383
f_114,3.991260048492595e-05,9.058961213949557e-05
f_31,3.6847899794723026e-05,8.439887938691448e-05
f_61,3.185626304916811e-05,0.00010640255238511752
f_49,3.09644964025968e-05,9.367023862481537e-05
f_122,2.7580303349539204e-05,0.00010812411652722332
f_132,2.6737694633383045e-05,0.00015176351904713957
f_74,2.5511890855556275e-05,3.584796328241638e-05
f_115,2.465997859044666e-05,4.4175971893683754e-05
f_138,2.0866096978899852e-05,9.930779169625941e-06
f_62,1.392021170004698e-05,6.940001330135091e-05
f_117,1.244699426568019e-05,5.769208664824823e-05
f_127,1.1054454936332282e-05,4.5055762687724494e-05
f_99,9.766208903705387e-06,8.020666233242365e-06
f_72,7.4043897554942895e-06,0.00010502446993558825
f_144,5.8822318411588805e-06,0.00016271009722465434
f_33,2.245291929581228e-06,9.44807664626808e-05
f_106,2.0961126826812836e-06,0.00015665102408387587
f_100,1.8583388277204627e-06,3.045522053966681e-06
f_14,0.0,0.0
f_102,-5.1902071369625e-07,2.4095836983095843e-06
f_135,-1.0714880724571608e-06,2.6822352887583935e-06
f_6,-4.546121811466186e-06,1.5680960986055725e-05
f_37,-5.389072183159538e-06,1.522969298309403e-05
f_69,-1.099563603866871e-05,1.2034574642354538e-05
f_73,-1.4864859061958224e-05,5.171836846191014e-05
f_12,-1.4927586074930943e-05,0.00014597647772914953
f_38,-1.501424372244431e-05,2.718208801019833e-05
f_116,-1.5847251338552136e-05,7.610037026832519e-05
f_134,-2.7597395720335705e-05,9.029134788917509e-05
f_111,-3.625590169519244e-05,8.167694960676683e-05
f_35,-3.911634763242855e-05,2.6343065396268474e-05
f_67,-4.287409199132952e-05,7.284857636099221e-05
f_44,-4.88233250247605e-05,7.526188752940588e-05
f_32,-6.61674528306122e-05,0.00010113845061779607
f_71,-8.491359258687714e-05,0.0001400939253002729
f_128,-9.39450769549488e-05,5.601946382168661e-05
f_113,-0.00011456644299048246,8.499857497493255e-05
f_55,-0.00013337502199591844,0.00013892914242862365
f_26,-0.00014206288026991087,7.855441470286876e-05
f_56,-0.00015230643849963865,0.00010947623829255196
f_70,-0.00015679749085482087,8.815841686641886e-05
f_139,-0.0001615990587374272,0.00015049033845135023
f_95,-0.00016830453484742992,0.0002685332213283009
f_131,-0.00017414832067012,0.0018459474224867586
f_3,-0.00021962475515973078,0.0002218092278687289
f_53,-0.0002711296696938925,0.0003695270802126484
f_43,-0.00027628468868715614,6.176578688797413e-05
f_57,-0.0002911534484853262,0.0006045181850929589
f_29,-0.0004120750683834329,0.000185555123222155
f_141,-0.000421711406016545,0.000331658252977491
f_155,-0.0004482382583551714,0.0001614382314838589
f_162,-0.0005371213565685928,0.0007017824970730534
f_154,-0.0005758164824542722,0.00014183513118222737
f_142,-0.0006235484042297901,0.00021841318121650058
f_41,-0.0007429444424900677,0.0003636332699987151
f_93,-0.0007625223035482076,0.00018995947359162166
f_143,-0.0008477637906723512,0.00019800198419979453
f_47,-0.0008858444845579405,0.00041359669271076604
f_15,-0.0008943131868586529,0.0006265030714715969
f_156,-0.0009213603286432725,0.00014696303549263269
f_7,-0.002379011940898368,0.00039819503133465016
