feature,mean_abs_attribution
f_2,0.012431975
f_51,0.012268701
f_129,0.01173377
f_20,0.010126519
f_143,0.009728464
f_54,0.009293115
f_52,0.008769215
f_100,0.008565011
f_142,0.008469912
f_89,0.008011734
f_87,0.007806583
f_162,0.007657379
f_48,0.0071004615
f_45,0.0069808825
f_108,0.006424729
f_74,0.006402271
f_102,0.00632279
f_99,0.006245505
f_80,0.0062192585
f_19,0.006127983
f_88,0.0060955137
f_46,0.006066854
f_1,0.0059594386
f_12,0.005832564
f_136,0.005746806
f_79,0.005592739
f_39,0.00542534
f_84,0.0053958637
f_11,0.005378363
f_147,0.005310442
f_105,0.0052438285
f_82,0.005195519
f_106,0.005156322
f_139,0.0051309173
f_138,0.0050915973
f_157,0.0049250578
f_73,0.004913275
f_91,0.004901843
f_113,0.004741195
f_150,0.0047296183
f_83,0.004678072
f_152,0.0045560272
f_135,0.004353427
f_5,0.0043110494
f_149,0.0043057078
f_118,0.0042734905
f_140,0.00416371
f_40,0.004133949
f_158,0.0041306
f_151,0.0040121726
f_17,0.0039527146
f_57,0.003911276
f_3,0.0038224382
f_114,0.0038066772
f_148,0.00379974
f_75,0.0037900782
f_90,0.003738632
f_92,0.0036843852
f_153,0.0036743477
f_18,0.0036219284
f_134,0.0035459893
f_141,0.0035383173
f_164,0.0035066558
f_42,0.0034889076
f_119,0.003474576
f_145,0.0034406218
f_126,0.0033548144
f_7,0.0033378187
f_63,0.0032605808
f_68,0.0032549659
f_10,0.0032433518
f_123,0.0032264125
f_144,0.0031780675
f_131,0.003171604
f_161,0.0031652423
f_77,0.0031032902
f_32,0.002984611
f_81,0.002966987
f_120,0.0029515624
f_111,0.0029397565
f_163,0.0029342277
f_8,0.0028723893
f_133,0.002778207
f_95,0.0027003053
f_62,0.0026715926
f_0,0.0026219054
f_61,0.0025790604
f_94,0.0024997282
f_67,0.0024908518
f_128,0.0023580985
f_155,0.0023449007
f_85,0.0023108297
f_66,0.0022938082
f_154,0.00223709
f_112,0.0022342906
f_121,0.002228816
f_86,0.0022020417
f_16,0.0021692263
f_146,0.00216442
f_159,0.002124839
f_98,0.0021088356
f_127,0.001909684
f_27,0.0018242924
f_58,0.0018063886
f_43,0.001754296
f_130,0.0016358137
f_50,0.0016075962
f_78,0.0015963783
f_124,0.0015649816
f_137,0.001559664
f_26,0.0015332293
f_115,0.0014673217
f_103,0.0014658519
f_15,0.0014608882
f_76,0.0014402461
f_25,0.001439483
f_53,0.0014348616
f_160,0.001379649
f_55,0.0013782025
f_30,0.0013194788
f_49,0.001296118
f_31,0.0012819042
f_44,0.0012804791
f_122,0.0011747162
f_117,0.0011658348
f_107,0.0011287824
f_97,0.0011232962
f_56,0.0011051841
f_110,0.0010792884
f_96,0.0010620793
f_125,0.0010546285
f_65,0.0010063956
f_41,0.0010009997
f_4,0.0009977559
f_29,0.000981227
f_13,0.00095480686
f_64,0.00091759785
f_116,0.0008533326
f_6,0.00077829557
f_21,0.0007736246
f_109,0.000768312
f_60,0.0006875513
f_104,0.00063583796
f_23,0.00063330523
f_156,0.0005914087
f_24,0.00058506045
f_37,0.00055280013
f_101,0.000543634
f_132,0.00051100744
f_38,0.0004930098
f_70,0.00044853482
f_59,0.00042649303
f_28,0.00040497893
f_22,0.00038811268
f_93,0.00038091448
f_9,0.000320774
f_34,0.00030655682
f_47,0.00028924018
f_72,0.00024001894
f_36,0.0002392178
f_33,0.00017062025
f_14,0.00014313194
f_35,7.569233e-05
f_71,4.17622e-05
f_69,4.1282354e-05
