metric,difference,ci_lo,ci_hi,p_bootstrap,n_boot,reference,other
f1_illicit,0.0071107560171776996,-0.010592725905170205,0.02361514076898705,0.427,2000,fusion_inductive,fusion_transductive
pr_auc,-0.0034648234932681543,-0.013514370169911588,0.0056580086164728744,0.478,2000,fusion_inductive,fusion_transductive
mcc,0.019040528789465383,-0.0011787952380864965,0.03878169464666738,0.071,2000,fusion_inductive,fusion_transductive
f1_illicit,0.10047527555870156,0.07344817330666759,0.1296554486944559,0.0,2000,fusion_inductive,gat_transductive
pr_auc,0.10170151522597914,0.08079974980782183,0.12295683361960288,0.0,2000,fusion_inductive,gat_transductive
mcc,0.11678236749551424,0.08644292108237292,0.14985256680888387,0.0,2000,fusion_inductive,gat_transductive
f1_illicit,0.04299763965381587,0.018946369629791383,0.06889138252013567,0.0,2000,fusion_inductive,gat_zero_dgi_inductive
pr_auc,0.0681704425971224,0.043164124959380226,0.0949643540572719,0.0,2000,fusion_inductive,gat_zero_dgi_inductive
mcc,0.06101270775044665,0.03316313118692851,0.09041527210462402,0.0,2000,fusion_inductive,gat_zero_dgi_inductive
f1_illicit,0.02050482409121912,-0.0027844147216823543,0.043651588717217985,0.086,2000,fusion_inductive,gat_zero_dgi_transductive
pr_auc,0.042621378573451496,0.02868820042482313,0.05705956532485842,0.0,2000,fusion_inductive,gat_zero_dgi_transductive
mcc,0.038832610195233985,0.01303380596259331,0.06545685084031999,0.003,2000,fusion_inductive,gat_zero_dgi_transductive
f1_illicit,0.07920563202689923,0.0449657966290143,0.11481828708155607,0.0,2000,fusion_inductive,gcn_transductive
pr_auc,0.06202988198824877,0.03783714818700543,0.08627028505118516,0.0,2000,fusion_inductive,gcn_transductive
mcc,0.08376302050902468,0.046782075591750405,0.1216553403093502,0.0,2000,fusion_inductive,gcn_transductive
f1_illicit,0.043007333709421,0.011534245144980434,0.07544158479464304,0.01,2000,fusion_inductive,sage_transductive
pr_auc,0.08553354557505294,0.04990092546132025,0.12000027244340088,0.0,2000,fusion_inductive,sage_transductive
mcc,0.05103026082509676,0.01594318796323035,0.08625357150564056,0.009,2000,fusion_inductive,sage_transductive
