metric,point,ci_lo,ci_hi,n_boot,system
f1_illicit,0.5612903225806452,0.514881022597691,0.6087081459270365,2000,fusion_inductive
pr_auc,0.5568375126405412,0.50934313639519,0.6034067710590593,2000,fusion_inductive
mcc,0.5786938442372441,0.5359193712497508,0.6218511972748711,2000,fusion_inductive
f1_illicit,0.5541795665634675,0.5074135090609555,0.5996889952153109,2000,fusion_transductive
pr_auc,0.5603023361338093,0.5137098136503069,0.6064937630829297,2000,fusion_transductive
mcc,0.5596533154477787,0.5151324399656765,0.6043677125030604,2000,fusion_transductive
f1_illicit,0.4608150470219436,0.412555683819503,0.5083727746139244,2000,gat_transductive
pr_auc,0.455135997414562,0.4074927367178338,0.503111245173442,2000,gat_transductive
mcc,0.4619114767417299,0.4136003803476,0.5089073663956927,2000,gat_transductive
f1_illicit,0.5182926829268293,0.4722608301916508,0.5628575705731395,2000,gat_zero_dgi_inductive
pr_auc,0.48866707004341875,0.44030594456132355,0.539207162114438,2000,gat_zero_dgi_inductive
mcc,0.5176811364867975,0.47289080966082525,0.5621940994522132,2000,gat_zero_dgi_inductive
f1_illicit,0.540785498489426,0.49468303076505005,0.5840765846882074,2000,gat_zero_dgi_transductive
pr_auc,0.5142161340670897,0.4664878906879723,0.5609326627564,2000,gat_zero_dgi_transductive
mcc,0.5398612340420101,0.49272420100968917,0.5828300617097663,2000,gat_zero_dgi_transductive
f1_illicit,0.4820846905537459,0.4320751438390547,0.5296824037834311,2000,gcn_transductive
pr_auc,0.4948076306522924,0.4474869825360361,0.5418280427199369,2000,gcn_transductive
mcc,0.49493082372821945,0.44700670001954323,0.542135794221024,2000,gcn_transductive
f1_illicit,0.5182829888712241,0.47058377220387393,0.565008025682183,2000,sage_transductive
pr_auc,0.4713039670654882,0.4187130537357357,0.5250240321944188,2000,sage_transductive
mcc,0.5276635834121474,0.48076801235346583,0.5729443389688772,2000,sage_transductive
