epoch,loss,train_f1,val_f1,val_ap
0,0.7859385013580322,0.3645876197754394,0.2381489841986456,0.25532261871229234
1,0.5541476607322693,0.40986508760148954,0.22430919270363012,0.2580319918236774
2,0.47125905752182007,0.48510377575246993,0.23330365093499555,0.22615371534150702
3,0.41234642267227173,0.5371793764573798,0.2467710909590547,0.2461341127268823
4,0.39445018768310547,0.5247564608324612,0.27983104540654696,0.3330566096063076
5,0.3670157790184021,0.5428881650380022,0.33244444444444443,0.4242274753017396
6,0.3403249979019165,0.6151277013752455,0.4094616639477977,0.4598835748847243
7,0.3383297026157379,0.5447161210111894,0.33024017467248906,0.4492595675241153
8,0.3207012414932251,0.5394489412149456,0.3188862621486735,0.34829818254896133
9,0.3173586130142212,0.612930952153567,0.39580209895052476,0.2764894000734728
10,0.3073717951774597,0.5933291150682455,0.4017499088589136,0.30296709388033916
11,0.2935943603515625,0.5667774652688997,0.39452991452991454,0.37860434925900205
12,0.28886228799819946,0.6010192937750273,0.424652386320932,0.43449237840410454
13,0.27887672185897827,0.6512327119663259,0.4457928802588997,0.4566095773659453
14,0.2765199542045593,0.6336499321573948,0.40509915014164305,0.49467800885155705
15,0.26021233201026917,0.6148522259633371,0.38144329896907214,0.5159438022454553
16,0.2642482817173004,0.6575895108421583,0.4150255288110868,0.45197358100109114
17,0.25838378071784973,0.6885245901639344,0.45424013434089,0.427184613018103
18,0.25072914361953735,0.6487444608567208,0.44985789687373123,0.48640913243587125
19,0.24786637723445892,0.6497741111765861,0.46283783783783783,0.5096145218793452
20,0.24036243557929993,0.7037794766878432,0.502868068833652,0.4814898892536577
21,0.2353394776582718,0.7036838148426592,0.4979517523896222,0.5017249608471575
22,0.23310090601444244,0.6578423566878981,0.44269662921348313,0.5506197791123872
23,0.22995516657829285,0.7053254437869823,0.4716743600503567,0.49351789117808503
24,0.23065510392189026,0.7199824233769088,0.4875,0.4616616442096564
25,0.22699183225631714,0.6863659927423535,0.47213951509995744,0.47910058905610514
26,0.22545352578163147,0.6959907397663896,0.4898148148148148,0.4571630174280248
27,0.2156662791967392,0.750373348650201,0.5104111051788575,0.4123333762050061
28,0.21864622831344604,0.7104189044038668,0.4974044360547428,0.4464971446448674
29,0.21428199112415314,0.6899200664382851,0.4738434932987462,0.4841733281374921
30,0.21760588884353638,0.739399392644247,0.5100146555935515,0.4407774830153719
31,0.21323205530643463,0.7355399531929121,0.515136476426799,0.4324542507218881
32,0.7937573790550232,0.692987012987013,0.5011368804001819,0.45537793280035993
33,0.20674525201320648,0.7234597413886776,0.5167416291854073,0.4245676035056179
34,0.20470522344112396,0.7514490282986703,0.527389903329753,0.40829259005709156
35,0.20782554149627686,0.7256694970607446,0.5247953779489648,0.4641806576906582
36,0.19956441223621368,0.7295638834100373,0.5204957102001907,0.5178502230942402
37,0.2000865638256073,0.7754814466885862,0.5454545454545454,0.5018463971082199
38,0.2012328803539276,0.7384513127284812,0.5343434343434343,0.5681096923135319
39,0.19688408076763153,0.7383322273833223,0.5362318840579711,0.5496278301088033
40,0.20180882513523102,0.768,0.5374301675977654,0.47714731262775023
41,0.19614185392856598,0.7555101113383322,0.5322245322245323,0.4774264594035376
42,0.19222760200500488,0.7274507670547274,0.5152380952380953,0.5199037932371045
43,0.19483888149261475,0.7928468554968795,0.5506912442396313,0.4750754345291347
44,0.1939821094274521,0.7171899946780202,0.5274616526472043,0.5932303747360483
45,0.1892981380224228,0.7871028923660502,0.5563218390804597,0.5088590833196602
46,0.189848855137825,0.7646183773887173,0.5468998410174881,0.5182865478636532
47,0.18504080176353455,0.7278227984873041,0.5116918844566712,0.541907536177745
48,0.18515701591968536,0.7962209997608227,0.5515380464112251,0.48074611392638994
49,0.17790654301643372,0.7639377767684796,0.546875,0.5444655324976173
50,0.18111541867256165,0.7429322813938198,0.547945205479452,0.5921740392630246
51,0.17697058618068695,0.8099794114085018,0.5552439708356702,0.4924912505412943
52,0.17792673408985138,0.740554706267744,0.5204321277595115,0.5820934883536437
53,0.1763266921043396,0.7714448886350657,0.5423728813559322,0.5648794297596217
54,0.17317864298820496,0.8117418728772441,0.5754716981132075,0.5545724951985356
55,0.23550130426883698,0.7371156344737981,0.5490981963927856,0.6795829350386733
56,0.17610949277877808,0.8023366714353839,0.5839909808342728,0.6274700456435708
57,0.17593683302402496,0.7946817272620308,0.5706521739130435,0.6017505888839901
58,0.16727837920188904,0.7691958716116593,0.559915164369035,0.5616527744434513
59,0.24117155373096466,0.8000948541617263,0.5386887182516243,0.43424585354594636
60,0.21659879386425018,0.7665914221218961,0.4200700116686114,0.21630241281876628
61,0.2064376324415207,0.8174969623329283,0.42350979574822845,0.21266805860290686
62,0.1976664662361145,0.7953822593945106,0.4304609218436874,0.23083451776802894
63,0.18699346482753754,0.7709395897087159,0.44235695986336465,0.37628929306921804
64,0.1747237890958786,0.8231108930323847,0.540508574807806,0.4736697322878434
65,0.17358916997909546,0.7965663217309501,0.5204741379310345,0.48095760977323226
66,0.16559812426567078,0.7696311382665761,0.5061728395061729,0.5126918271311862
67,0.16214962303638458,0.8415915915915916,0.5481012658227848,0.4799821362189281
68,0.16446398198604584,0.7484957882069796,0.54518222666001,0.6541865148035872
69,0.16541284322738647,0.843014521782674,0.5932400932400932,0.5698509269162264
70,0.16672007739543915,0.775207929816566,0.5488505747126436,0.6342509789378556
71,0.1583750694990158,0.8001414927484967,0.5750798722044729,0.5893641785496715
72,0.15285320580005646,0.8399452804377565,0.5921375921375921,0.5422541208923382
73,0.1952742040157318,0.7727992758542657,0.5523996082272282,0.6685340098191062
74,0.16154758632183075,0.838036047234307,0.5972451790633608,0.6543827496768092
75,0.15586164593696594,0.8019813657270904,0.584246218049035,0.7238268045483433
76,0.1498153805732727,0.8299069995105237,0.6120481927710844,0.6736980007171005
77,0.15665371716022491,0.8061115717162146,0.59255079006772,0.6329740943498982
78,0.15603354573249817,0.8289586131119522,0.5910138248847926,0.573364528192899
79,0.16322635114192963,0.8211264201111916,0.5941043083900227,0.5949878235581585
80,0.15186160802841187,0.8161844158962661,0.6125,0.67622871155565
81,0.23023945093154907,0.8436644261886981,0.6122945830797322,0.6638580848527089
82,0.1566302329301834,0.787683081536155,0.5437302423603794,0.6388573229043
83,0.15567411482334137,0.857835012112712,0.558858501783591,0.4867495442735932
84,0.15663819015026093,0.7766042021578649,0.5209490156486623,0.5540460518355207
85,0.15860997140407562,0.8364934745136666,0.5484460694698354,0.4949643692719337
86,0.17502601444721222,0.8276616431696645,0.5630153121319199,0.5564353801986797
87,0.14862094819545746,0.7988787666433076,0.5642151481888035,0.6344120244618037
88,0.14846636354923248,0.8672156459083891,0.6127239036442248,0.6367961165577853
89,0.15347450971603394,0.7914252607184241,0.5854895991882293,0.7074647462487689
90,0.1534786820411682,0.8378345048711309,0.6167452830188679,0.6474321489611414
91,0.15090405941009521,0.8461059190031153,0.6166471277842908,0.6367429601176127
92,0.14909975230693817,0.8114978025893812,0.5912951167728238,0.6797188744393257
93,0.14624853432178497,0.8478097622027534,0.6150289017341041,0.6283179986863519
94,0.14635491371154785,0.825523671146628,0.615648201027984,0.7011754020332562
95,0.14966411888599396,0.8449410304158907,0.640764331210191,0.7043725894106472
96,0.14604687690734863,0.8460291734197731,0.6152073732718893,0.6770598659182264
97,0.14128053188323975,0.8144958736993183,0.5657254138266796,0.6723360484946226
98,0.1480015218257904,0.8632782719186786,0.6122945830797322,0.6230893038600014
99,0.14239588379859924,0.8366846493379108,0.627325208466966,0.6870154367880639
100,0.14909356832504272,0.8289250181994662,0.6178489702517163,0.7088601203783947
101,0.14176365733146667,0.8583407445051455,0.6061281337047354,0.677937825792231
102,0.14853158593177795,0.8181274662202559,0.5995762711864406,0.7157286323646338
103,0.1436052918434143,0.8562066792690611,0.6205607476635514,0.6507441891089263
104,0.14525243639945984,0.8314059646987219,0.604973973395026,0.6409277057797714
105,0.14498785138130188,0.8258080135576806,0.5782383419689119,0.6226125925065601
106,0.14329585433006287,0.8469184890656064,0.6005602240896358,0.6425884176724567
107,0.14026203751564026,0.85275,0.6373056994818653,0.6870136208940971
108,0.13919666409492493,0.8327653359298929,0.6245733788395904,0.7048818962288469
109,0.1365809440612793,0.8757289101982636,0.6066897347174164,0.6164591264808529
110,0.14076408743858337,0.7815699658703071,0.539430704619692,0.6908980359739112
111,0.14647778868675232,0.8990825688073395,0.5362210604929052,0.5204042958139647
112,0.15837237238883972,0.7205774662621613,0.5164401578255151,0.736881777056848
113,0.1706123948097229,0.8743056452654696,0.6075334143377886,0.6353405577285302
114,0.14232218265533447,0.8940018619497273,0.5982203969883642,0.6109010948387967
115,0.15687617659568787,0.7233193277310924,0.575772934617334,0.7553125637603942
116,0.1677195131778717,0.838471932195062,0.6210960518562169,0.6870108396822767
117,0.13963119685649872,0.8985702724575129,0.5855670103092784,0.574431792838591
118,0.15361113846302032,0.8044705882352942,0.5721623009758603,0.7124872063944486
119,0.14562293887138367,0.773982640063127,0.5717181956411556,0.7412742625173286
120,0.14330539107322693,0.8794695098166688,0.6205023761031908,0.6528394907373367
121,0.14377880096435547,0.8860759493670886,0.5981182795698925,0.5807758221446842
122,0.14578479528427124,0.8003265686960579,0.5663627152988855,0.6473858723450688
123,0.14628134667873383,0.7853630646083476,0.5457115928369463,0.6207725587735737
124,0.14610211551189423,0.8807792207792208,0.5749537322640346,0.5037094596162436
125,0.1465778350830078,0.8845752996352266,0.5841968911917098,0.5596878054014714
126,0.13786844909191132,0.8038848584132927,0.5812964930924548,0.6994754124036966
127,0.14194728434085846,0.8174347981421937,0.5760082730093071,0.7083573696755131
128,0.13830645382404327,0.8745964096603384,0.5960969840331165,0.6379522571983641
129,0.13597919046878815,0.8747093774218548,0.5884433962264151,0.5970382523068705
130,0.1424068659543991,0.8210652304009575,0.5907356948228882,0.6679027433349389
131,0.13724000751972198,0.8164963156643689,0.6045454545454545,0.70177448660827
132,0.13578535616397858,0.880631796996375,0.6151815181518152,0.6775485703374792
133,0.13608725368976593,0.879408713692946,0.6198979591836735,0.6944831065785387
134,0.13274921476840973,0.8296403922993099,0.6140845070422535,0.7386324676842421
135,0.14310939610004425,0.8358318098720292,0.6325639426076107,0.7353106612050448
136,0.13108603656291962,0.8801968656909727,0.6105702364394993,0.6729267547429625
137,0.1326036900281906,0.8617249652733932,0.6120218579234973,0.6782947624498543
138,0.13722985982894897,0.8222328701485385,0.565843621399177,0.700773320263427
139,0.1408531367778778,0.8498513379583746,0.608092485549133,0.7055233576419896
140,0.1310078650712967,0.890398432397126,0.6435152374202693,0.7021174798507718
141,0.132510244846344,0.8595808758940896,0.6447534766118836,0.727997697294726
142,0.13692937791347504,0.82319118351701,0.5888827738029719,0.7183315115288704
143,0.13581621646881104,0.869919734998089,0.602641056422569,0.6115124414536122
144,0.13267455995082855,0.8881639044760538,0.5904392764857881,0.5501734419270777
145,0.12895604968070984,0.837339841366687,0.6067816775728733,0.6576723969132098
146,0.13251957297325134,0.831496062992126,0.6096698113207547,0.7001468485703878
147,0.13037601113319397,0.8842214443147932,0.6408839779005525,0.7098777241044208
148,0.13231226801872253,0.8656376518218624,0.6733870967741935,0.7582385924790384
149,0.13104037940502167,0.8227136879856545,0.6412661195779601,0.7726161823075682
150,0.13528810441493988,0.8801754159680124,0.6283128636069812,0.7003556763718788
151,0.13320620357990265,0.8769408443474913,0.6020719073735528,0.6291026697010953
152,0.14289775490760803,0.8291566265060241,0.5897574123989219,0.6623231219899665
153,0.1260802149772644,0.852463084749969,0.6053991958644457,0.6734153851528242
154,0.13176238536834717,0.897089947089947,0.6201760324983073,0.6628836561445672
155,0.12764494121074677,0.8483799159040316,0.6193625977149729,0.7169486740738028
156,0.13499373197555542,0.8304164152082076,0.6031016657093624,0.7051906786884948
157,0.13294120132923126,0.8867801897829195,0.6036505867014341,0.6187174352076332
158,0.13399288058280945,0.8692004576077285,0.6074074074074074,0.6483308236407759
159,0.12893858551979065,0.8365806137359961,0.5974625144175317,0.6866578899811939
160,0.13083277642726898,0.8802572347266882,0.618204804045512,0.671607070635419
161,0.12563590705394745,0.8893229166666666,0.6185303514376996,0.6708481268125198
162,0.13126733899116516,0.820011911852293,0.5637025481019241,0.7287427269721761
163,0.13277803361415863,0.878636421889017,0.6203411244472521,0.6840027911993728
164,0.12522488832473755,0.8986958240021078,0.6200931470392548,0.6524596880310533
165,0.12770786881446838,0.826337251139362,0.5886287625418061,0.7245541262365219
166,0.12923382222652435,0.8675856835715189,0.6139817629179332,0.7058271111551924
167,0.12220937758684158,0.9025069637883009,0.6126760563380281,0.6702443252827784
168,0.133022278547287,0.833313187477336,0.6161309884778654,0.7328607320945945
169,0.13185010850429535,0.8599275271773085,0.6206045650832819,0.7087519734132249
170,0.12555815279483795,0.8964337412817476,0.6205962059620597,0.6724441337462767
171,0.12939241528511047,0.8496231311009514,0.6290726817042607,0.722987696088944
172,0.1249283105134964,0.854303813190908,0.648074369189907,0.7301785960351361
173,0.12542884051799774,0.8942408376963351,0.6458635703918723,0.7132778823127119
174,0.12904302775859833,0.8464003944773175,0.6124924196482717,0.723770311817666
175,0.1238967701792717,0.8479763079960513,0.6216897856242118,0.7106983600042416
176,0.12557755410671234,0.8917929952953476,0.609811320754717,0.6561998328359474
177,0.128703311085701,0.8451604968638544,0.6122448979591837,0.7093354014366815
178,0.12327653169631958,0.8555763239875389,0.5975958786491128,0.7030561769721133
179,0.12677080929279327,0.8961992136304063,0.6174142480211082,0.6755247354436149
180,0.12645763158798218,0.8340394625348021,0.5976496922216005,0.7320205269204313
181,0.12743093073368073,0.8747611160657408,0.6162998215348007,0.7007691356473899
182,0.12212266027927399,0.8873622812702527,0.6214757048590281,0.6765116068079765
183,0.1250402331352234,0.8356579745300182,0.5975414216996259,0.7429779891919063
184,0.12694570422172546,0.8806257212463137,0.6344221105527639,0.7295330840949011
185,0.12436577677726746,0.8870801033591731,0.6331658291457286,0.7215917483137981
186,0.1277914047241211,0.8507223113964687,0.616800920598389,0.7466573199935711
187,0.1278984695672989,0.8790786948176583,0.6411103767349636,0.7309302224848718
188,0.12847095727920532,0.8756701557314271,0.63758819756254,0.7395069845091259
189,0.1293662190437317,0.8385759570836382,0.6313912009512486,0.7598216126196924
190,0.1237587109208107,0.8992227637992359,0.6456043956043956,0.7072128928600572
191,0.13342434167861938,0.8391182559980513,0.6475609756097561,0.7613932266571726
192,0.12849469482898712,0.8764188241295753,0.6662125340599455,0.7464218165614803
193,0.12729698419570923,0.8860956330180122,0.6582446808510638,0.7372250671545449
194,0.12826190888881683,0.8355566335192821,0.6239907727797002,0.7636405454802025
195,0.12708112597465515,0.894929430214323,0.6548295454545454,0.7148876456771323
196,0.12905095517635345,0.8732036118529823,0.6249247441300422,0.7262013496527472
197,0.12402613461017609,0.8553302649583282,0.5826086956521739,0.7083221019780442
198,0.12238559871912003,0.8918143899895725,0.6129641283826306,0.6650321783575818
199,0.12035856395959854,0.8567160463089755,0.5989367985823981,0.7064381385710604
200,0.12262748926877975,0.8680055576607301,0.6343381389252949,0.725088380752023
201,0.12066463381052017,0.8892056498639368,0.6347222222222222,0.7114064702715577
202,0.12753653526306152,0.8376899696048632,0.5905882352941176,0.7077124603554148
203,0.1240311861038208,0.9012898131087128,0.5949926362297496,0.6239423847762157
204,0.1292179375886917,0.8392922513727883,0.5826513911620295,0.6811564106121251
205,0.12395364791154861,0.862341573597691,0.6029246344206974,0.6932986142863999
206,0.11992822587490082,0.9061462896588345,0.6368563685636857,0.7048601192424251
207,0.12014709413051605,0.8382227632379793,0.6501547987616099,0.7617179106224252
208,0.12509185075759888,0.8831101956745623,0.6382411725516323,0.7151028539222758
209,0.11411158740520477,0.8980340760157274,0.6152777777777778,0.6749034055894148
210,0.11802668124437332,0.8374240583232078,0.63003663003663,0.7445181630327502
211,0.1273418515920639,0.87458577619169,0.6459854014598541,0.7474068957477173
212,0.12097994238138199,0.8975366876310272,0.6710097719869706,0.7552122717716323
213,0.12588649988174438,0.8252299605781866,0.6083608360836084,0.7682804424817563
214,0.1265234798192978,0.9044720825615242,0.64480111653873,0.7114016419597462
215,0.1293431669473648,0.8511374876360039,0.6139852188743604,0.7606390283431238
216,0.12136483937501907,0.8612608096252663,0.645359557467732,0.7776057977097204
217,0.12070564180612564,0.8970221697494425,0.668088130774698,0.747808175474664
218,0.129853755235672,0.829672308246309,0.6217798594847775,0.750402074607253
219,0.12363579869270325,0.8995403808273145,0.6255798542080848,0.6736561253493306
220,0.12175427377223969,0.8831336168019586,0.6331025802391441,0.7261514209134874
221,0.12128318846225739,0.8405267008046818,0.6379624014554275,0.7722129855923007
222,0.12461251765489578,0.8925404277516954,0.6637868970482361,0.7327311852846141
223,0.12335018068552017,0.8834276891405044,0.6187702265372168,0.6889066599250341
224,0.12232371419668198,0.8333534743202416,0.5797266514806378,0.6897087391071283
225,0.12373879551887512,0.8895514648690692,0.6235795454545454,0.67257544637677
226,0.12064690887928009,0.8940224484468807,0.6485225505443235,0.6980653386052229
227,0.12298848479986191,0.8275696445725265,0.6294046172539489,0.7436712202166753
228,0.13039278984069824,0.876453302670244,0.6424936386768448,0.7166516228261481
229,0.12097340077161789,0.9057104913678619,0.6280653950953679,0.6570434520295926
230,0.12661875784397125,0.8179019654274212,0.6108695652173913,0.757234310828673
231,0.12485501170158386,0.9074246247841679,0.6573069559668155,0.7308882671692666
232,0.1257053017616272,0.8769740193581254,0.6894770819883796,0.7846438639975472
233,0.11964627355337143,0.8374802767326132,0.6767676767676768,0.7876082833878287
234,0.1229386031627655,0.9008677359978964,0.682089552238806,0.7459596824874939
235,0.12004708498716354,0.8667841853437421,0.6481137909709338,0.7403088138383161
236,0.12176442891359329,0.8463803680981595,0.6446078431372549,0.7388588426408508
237,0.1251244843006134,0.904887714663144,0.6778577138289369,0.7243389309308182
238,0.12747496366500854,0.8572138685224308,0.6922567835870285,0.7607417828638338
239,0.11946489661931992,0.8636306611466567,0.6512477175897748,0.7276361628353741
240,0.11591817438602448,0.9063163481953291,0.6704953338119167,0.7038461729859029
241,0.12593543529510498,0.8461349693251534,0.7049504950495049,0.7756862582429677
242,0.1238560602068901,0.8636990595611286,0.7178789938817132,0.7846658185187118
243,0.11559540033340454,0.90625,0.7329286798179059,0.7847027431911514
244,0.12266889214515686,0.8489474332143296,0.6885660138976627,0.796105005786835
245,0.12336821109056473,0.8468999386126458,0.6696315120711563,0.7802856412486755
246,0.11865996569395065,0.9193787981093855,0.6447574334898278,0.6975588872076175
247,0.13256867229938507,0.8277517704957388,0.5737789203084833,0.7512625680581458
248,0.12421958893537521,0.8714231209462038,0.625,0.7588665911856249
249,0.11926791816949844,0.9146227047312693,0.6652173913043479,0.7369417840144119
250,0.1250753104686737,0.8314065510597303,0.6192090395480226,0.764964949746839
251,0.12180790305137634,0.8784042961258152,0.6080283353010626,0.6696164420817209
252,0.1176026239991188,0.9096714114673407,0.6098715348208249,0.6282959019853819
253,0.12775152921676636,0.819108582266477,0.6332518337408313,0.7513235439359995
254,0.12548257410526276,0.8717363751584284,0.7032640949554896,0.7530383963152183
255,0.12040156126022339,0.9193570174253681,0.6851211072664359,0.7456798602245055
256,0.1304878294467926,0.8259099616858238,0.6487477092241906,0.7672057705698709
257,0.12363097816705704,0.8492171125631858,0.6214757048590281,0.726957771602451
258,0.11759253591299057,0.9202819956616052,0.6063750926612306,0.6444342343247969
259,0.12858058512210846,0.8545949962843696,0.6680327868852459,0.7453948975536404
260,0.11752195656299591,0.8390315123494342,0.6666666666666666,0.7588112223155365
261,0.12141164392232895,0.9093816631130064,0.6867469879518072,0.7417665994146487
262,0.12569771707057953,0.8959311424100157,0.635822868473232,0.7105229820912252
263,0.11490201205015182,0.8487529180489004,0.6269888037713612,0.7342317693548988
264,0.11884356290102005,0.8808488877524929,0.6629283489096574,0.7657845157135046
265,0.11728877574205399,0.9108169541382538,0.729864575908767,0.8042439819841077
266,0.1266452521085739,0.8552631578947368,0.712484237074401,0.8241571310480685
267,0.118509441614151,0.8519891277489499,0.7048398091342877,0.7996746182063272
268,0.11890772730112076,0.9073558648111332,0.6503267973856209,0.7120440343332637
269,0.12482528388500214,0.8714376187460418,0.6401045068582626,0.7143595331846355
270,0.11886827647686005,0.8500925354719309,0.653012048192771,0.7740689574774448
271,0.1187392845749855,0.9035827186512118,0.7513555383423702,0.8097734767553959
272,0.11886000633239746,0.8858835651725915,0.750188679245283,0.8108363669738852
273,0.11055142432451248,0.8674971687429218,0.6756066411238825,0.7816204300902169
274,0.11712958663702011,0.8833376255472573,0.6289230769230769,0.7210271941343556
275,0.11912357062101364,0.8939768440223754,0.6638054363376252,0.7357263779605462
276,0.11812251061201096,0.861319340329835,0.7025036818851251,0.7743731421771769
277,0.11977382749319077,0.8863431587076844,0.7114197530864198,0.7747532567906088
278,0.11737226694822311,0.8977987421383647,0.6710526315789473,0.7417980830718651
279,0.11932490766048431,0.8606393606393606,0.5989240884638374,0.7094032370595257
280,0.11410963535308838,0.8805931986704167,0.5961783439490446,0.6444511820763952
281,0.11898596584796906,0.8850308641975309,0.6049966239027684,0.6484705749406987
282,0.11398229748010635,0.8710493046776233,0.629126213592233,0.7072022512665952
283,0.11420245468616486,0.8803790983606558,0.6588881262868909,0.7368234577490762
284,0.1170073077082634,0.8884585592563904,0.6858006042296072,0.7538028954446135
285,0.11493540555238724,0.8834103749357987,0.6754385964912281,0.746200827292933
286,0.11758193373680115,0.8673970532678504,0.630272952853598,0.7326033974658022
287,0.11534766107797623,0.8990441272751081,0.6525198938992043,0.7284390273011685
288,0.11792199313640594,0.8792640858566501,0.7023121387283237,0.7721322137898907
289,0.11254755407571793,0.8663397460077958,0.7181818181818181,0.7858741547053635
290,0.11772438883781433,0.9081740976645435,0.6696035242290749,0.7361902043029914
291,0.1205742135643959,0.851426454242312,0.6103968697596422,0.7350568974863552
292,0.1163482517004013,0.8793873643905552,0.6170212765957447,0.6945699142603713
293,0.11561824381351471,0.9158653846153846,0.5925925925925926,0.6220233580504768
294,0.1196247935295105,0.8288763640724307,0.60412147505423,0.7505993293670075
295,0.12167803198099136,0.8928107967817285,0.6773977196512407,0.7649028697396456
296,0.11068026721477509,0.9182660045631459,0.7121951219512195,0.7745283292837977
297,0.1167675256729126,0.8257078007406522,0.6603212373587151,0.7920951379393978
298,0.12058249861001968,0.8847831665383629,0.6897048236141109,0.7651217276347503
299,0.11527388542890549,0.9158878504672897,0.6905537459283387,0.7570503058443804
