n_in,n_out,out_types,in_types,whirlpool,whirlpool_pool_sat,wasabi2,wasabi2_denom_fraction,generic_equal_output,max_equal_output_count,max_equal_output_value,confirmed_coinjoin,verdict,txid,group,corpus_label,corpus_in,corpus_out
5,5,v0_p2wpkh,v0_p2wpkh,True,50000000,False,0.0,False,5,50000000,True,ok,11ed31bf9ff6617708d9d771252188ab0cfd10ecc44fc59a26259714a59b6683,whirlpool_candidate,True,5,5
8,8,v0_p2wpkh,v0_p2wpkh,True,5000000,False,0.0,False,8,5000000,True,ok,3d6fe355d96b9c13894feae0523306ca8e0139933d0d6c343a288a63996874e8,whirlpool_candidate,True,8,8
5,5,v0_p2wpkh,v0_p2wpkh,True,100000,False,0.0,False,5,100000,True,ok,683b85c06936c8dc98c071450390f16fdaf6c945d4f20540319ac1a4fc44a2f4,whirlpool_candidate,True,5,5
5,5,v0_p2wpkh,v0_p2wpkh,True,1000000,False,0.0,False,5,1000000,True,ok,0e05f055ed18d3608121c3a57d7e93fce6e765094e9e9a4f7ba6413c97e6cca6,whirlpool_candidate,True,5,5
7,7,v0_p2wpkh,v0_p2wpkh,True,100000,False,0.0,False,7,100000,True,ok,23f351c4d5692fc68d3d2083dd3ab8704e67ceb7ab380a38ab543e314df5b8bf,whirlpool_candidate,True,7,7
5,5,v0_p2wpkh,v0_p2wpkh,True,1000000,False,0.0,False,5,1000000,True,ok,ff245967a7687d9dda74dee4251b01dc5fe73bed227a2286959d52810bd8d616,whirlpool_candidate,True,5,5
8,8,v0_p2wpkh,v0_p2wpkh,True,5000000,False,0.0,False,8,5000000,True,ok,4186af02cd41fb7159618293366599522239f5e65e2d5028ff266525597a8b18,whirlpool_candidate,True,8,8
6,6,v0_p2wpkh,v0_p2wpkh,True,100000,False,0.0,False,6,100000,True,ok,0a671366ba266425118fe603c4db5582a94ee62e3fe35691b9d4b2d160fdfc9a,whirlpool_candidate,True,6,6
5,5,v0_p2wpkh,v0_p2wpkh,True,5000000,False,0.0,False,5,5000000,True,ok,c2818d95acd62daa0e023f347b2e528ba367f22c438aeee290c46d0df630e3ee,whirlpool_candidate,True,5,5
8,8,v0_p2wpkh,v0_p2wpkh,True,100000,False,0.0,False,8,100000,True,ok,44fa0e4a93e5aa7d0b5e4d4f8d0e148b6e228a7849162cbfc3afaa7acc3d3cc5,whirlpool_candidate,True,8,8
5,5,v0_p2wpkh,v0_p2wpkh,True,100000,False,0.0,False,5,100000,True,ok,6fc40262fca8d05f17e5f3b4d81ef3e30f8bc58b43b5d53a29af92f5767ddde8,whirlpool_candidate,True,5,5
5,5,v0_p2wpkh,v0_p2wpkh,True,1000000,False,0.0,False,5,1000000,True,ok,326ded3666779653ac602a613959f7cea023b3acd75cf7216859f2eb4d6b6fee,whirlpool_candidate,True,5,5
5,5,v0_p2wpkh,v0_p2wpkh,True,5000000,False,0.0,False,5,5000000,True,ok,5409dc4438d5987e8e3b9c795cf79caf5136bd37a8a71fe1e1af388ae8f38c62,whirlpool_candidate,True,5,5
5,5,v0_p2wpkh,v0_p2wpkh,True,100000,False,0.0,False,5,100000,True,ok,d643d6beef7d29ee8e0d318cd63ebbd13229c8cf203c9bd4b5af14fd624b43c7,whirlpool_candidate,True,5,5
6,6,v0_p2wpkh,v0_p2wpkh,True,100000,False,0.0,False,6,100000,True,ok,a55d6890c16d9aafcee89f6a251199b8737a743faf820761045fd7b12fa29668,whirlpool_candidate,True,6,6
5,5,v0_p2wpkh,v0_p2wpkh,True,1000000,False,0.0,False,5,1000000,True,ok,68cda6e096049d6f3cb353af87b0ab2c95b94152dc5d76fc36173b5f89881a06,whirlpool_candidate,True,5,5
5,5,v0_p2wpkh,v0_p2wpkh,True,50000000,False,0.0,False,5,50000000,True,ok,447b53c62dbfd8a6bf86b57eeb4be752ae6d0ef7ca59df4329a87dbf160f439a,whirlpool_candidate,True,5,5
5,5,v0_p2wpkh,v0_p2wpkh,True,100000,False,0.0,False,5,100000,True,ok,55dc5c2c3f3cbd64ff4241684478ebaf8676ccd3dbba63f3a26652db3a7ca846,whirlpool_candidate,True,5,5
5,5,v0_p2wpkh,v0_p2wpkh,True,100000,False,0.0,False,5,100000,True,ok,3068f45b1e27d04d4290242fdafecefb12e97394168cf9092b655fff2184950a,whirlpool_candidate,True,5,5
5,5,v0_p2wpkh,v0_p2wpkh,True,1000000,False,0.0,False,5,1000000,True,ok,832a20b04f87b51e82e34778008fc72397953cf3dbc2b7194105a80a689a2b1b,whirlpool_candidate,True,5,5
5,5,v0_p2wpkh,v0_p2wpkh,True,1000000,False,0.0,False,5,1000000,True,ok,dc6c05382dc3fc0a4b99919626cf66fccbd02f12bc29cd43b0af4cc2712e264b,whirlpool_candidate,True,5,5
5,5,v0_p2wpkh,v0_p2wpkh,True,5000000,False,0.0,False,5,5000000,True,ok,e2600188dff064eeb97b77f773c65264cad59df4c3e147794e4dacf09845495b,whirlpool_candidate,True,5,5
5,5,v0_p2wpkh,v0_p2wpkh,True,1000000,False,0.0,False,5,1000000,True,ok,a3eb488a79806efc605668c7e5a8694ed1b75bd467bd5351a81b0b6d764902f6,whirlpool_candidate,True,5,5
5,5,v0_p2wpkh,v0_p2wpkh,True,1000000,False,0.0,False,5,1000000,True,ok,9e94a745f40f6798e67936a4f2b637acce599b9ccb2e8fb846539c1e105af166,whirlpool_candidate,True,5,5
5,5,v0_p2wpkh,v0_p2wpkh,True,1000000,False,0.0,False,5,1000000,True,ok,53aadcf0d12994243e26ace26180e7c548efaada1fc2d3707ce72abc0cef3976,whirlpool_candidate,True,5,5
8,8,v0_p2wpkh,v0_p2wpkh,True,100000,False,0.0,False,8,100000,True,ok,8eedbb0ae9b7bc3892d89c500c8a41ca2e7624ab64122f9267863e2d5cd7e14b,whirlpool_candidate,True,8,8
5,5,v0_p2wpkh,v0_p2wpkh,True,1000000,False,0.0,False,5,1000000,True,ok,17290c3914d9b05988375b81d0b61cff423d8ec0c2cee13730c35da218c127c5,whirlpool_candidate,True,5,5
5,5,v0_p2wpkh,v0_p2wpkh,True,100000,False,0.0,False,5,100000,True,ok,606e04f7aefac290dd72427ad324a0b99e090aaa7a355d6eb05dc6c90c79eec7,whirlpool_candidate,True,5,5
8,8,v0_p2wpkh,v0_p2wpkh,True,5000000,False,0.0,False,8,5000000,True,ok,7050a93405ac9990ac47fa9591e353f2c0d47dfad848872e060cbde138aea515,whirlpool_candidate,True,8,8
5,5,v0_p2wpkh,v0_p2wpkh,True,5000000,False,0.0,False,5,5000000,True,ok,7df337e67e16589ad64eb7a19554083d64c1612f7af3b54539784967d2bc5dd8,whirlpool_candidate,True,5,5
5,5,v0_p2wpkh;v0_p2wsh,v0_p2wpkh,False,0,False,0.0,False,5,100000,False,ok,8c2d532614396f990b1a6b2db34d8fd79b8c1805d37274e20f622167d910a0aa,whirlpool_candidate,True,5,5
5,5,v0_p2wpkh,v0_p2wpkh,True,100000,False,0.0,False,5,100000,True,ok,d6132e6f73f22f8ee0a6488b9b5fa54de03b57bf12cbf96a414a47d8166afc53,whirlpool_candidate,True,5,5
5,5,v0_p2wpkh,v0_p2wpkh,True,100000,False,0.0,False,5,100000,True,ok,db716f9b6168fdaf42920edc66b84e888340b2e3431a6de3fdb207243e3f001f,whirlpool_candidate,True,5,5
5,5,v0_p2wpkh,v0_p2wpkh,True,100000,False,0.0,False,5,100000,True,ok,6d2a04b62a2c5854b52eff266625099a10ee1eac3fc99e26f52a36c405a5ffdb,whirlpool_candidate,True,5,5
5,5,v0_p2wpkh,v0_p2wpkh,True,1000000,False,0.0,False,5,1000000,True,ok,f6b1e3f3c9aba88a47595e9677e7c2c84289642c7b725337304bc1917f04ae67,whirlpool_candidate,True,5,5
5,5,v0_p2wpkh,v0_p2wpkh,True,1000000,False,0.0,False,5,1000000,True,ok,aae0d4ea6df509fa67df5e5475c5981ae98cb6386eef0eac222671091bff55a5,whirlpool_candidate,True,5,5
5,5,v0_p2wpkh,v0_p2wpkh,True,5000000,False,0.0,False,5,5000000,True,ok,da0ff263382f5525e30ec59ee18687cbdfda56c1ed4b9fdfadf8143e9e657c7c,whirlpool_candidate,True,5,5
5,5,v0_p2wpkh,v0_p2wpkh,True,1000000,False,0.0,False,5,1000000,True,ok,6c48ad1c02b56f7093611c7dad3a769d91c161c1a18d887773c40a21fb56e286,whirlpool_candidate,True,5,5
5,5,v0_p2wpkh,v0_p2wpkh,True,5000000,False,0.0,False,5,5000000,True,ok,d245f5798e7bb4f8e8dd31a4b12a0ab2bd4ab66db7fbb70d8944764c63948f41,whirlpool_candidate,True,5,5
5,5,v0_p2wpkh,v0_p2wpkh,True,100000,False,0.0,False,5,100000,True,ok,c5d78d2f9f2dc0650d22619843d09309e7a7772fae4365b294db6af9983ebdf0,whirlpool_candidate,True,5,5
112,129,p2pkh;p2sh;v0_p2wpkh;v0_p2wsh,p2pkh,False,0,False,0.0,False,3,166667,False,ok,f06f54a02b2a42369fc88e53560ac02fa1e155f550d19c4b6dbd625400338974,wasabi2_candidate,True,112,129
51,52,v0_p2wpkh;v1_p2tr,v1_p2tr,False,0,False,0.0,True,50,546,False,ok,82e0e867b83c8446410c8d559f0053830c268456af68819f07548b7d7f54c07e,wasabi2_candidate,True,51,52
100,101,v1_p2tr,v1_p2tr,False,0,False,0.0,True,100,600,False,ok,841f629fce945d694870313c6d058ce425e5b0a14fd967ae3cb1526123b57898,wasabi2_candidate,True,100,101
338,373,v0_p2wpkh;v1_p2tr,v0_p2wpkh;v1_p2tr,False,0,True,0.9812,False,25,5000000,True,ok,90c5a4362a28962b10950b1d09dc8933c3f49b4ab8241cf0ee66b3ccb77b9f5b,wasabi2_candidate,True,338,373
51,52,v0_p2wpkh;v1_p2tr,v1_p2tr,False,0,False,0.0,True,50,546,False,ok,2728a505546ae6f82b39a467b23ae2e2ff9b33ce59a959646cff162ee6a78507,wasabi2_candidate,True,51,52
265,255,v0_p2wpkh;v1_p2tr,v0_p2wpkh;v1_p2tr,False,0,True,0.9725,False,13,354294,True,ok,c84a18aa344070cdf6edbb233604e726bd880f9992ec2635cee6fc0894d47993,wasabi2_candidate,True,265,255
50,204,p2pkh;p2sh;v0_p2wpkh;v0_p2wsh,p2sh;v0_p2wpkh,False,0,False,0.0,False,3,31940,False,ok,832ea64477646b65166843535eadd2eead322e77b6c0306c293b8cdb60936a4d,wasabi2_candidate,True,50,204
232,269,v0_p2wpkh;v1_p2tr,v0_p2wpkh;v1_p2tr,False,0,True,0.9665,False,26,2097152,True,ok,344489bbfb1a525dd6d97e211416826564db787d15da4db4d99a081ebb841072,wasabi2_candidate,True,232,269
67,206,p2pkh;p2sh;v0_p2wpkh;v0_p2wsh,p2sh;v0_p2wpkh,False,0,False,0.0,False,2,34039,False,ok,5cbfbf2f980ef6c6f41c6207e31427667727be641fddd79f84e19a30c9f434af,wasabi2_candidate,True,67,206
227,267,v0_p2wpkh;v1_p2tr,v0_p2wpkh;v1_p2tr,False,0,True,0.97,False,16,2097152,True,ok,ffa1019c0c1ac8ee5945c601e9d220e87e74908b0a03fde93701d75699ce2940,wasabi2_candidate,True,227,267
61,204,p2pkh;p2sh;v0_p2wpkh;v0_p2wsh,p2sh;v0_p2wpkh,False,0,False,0.0,False,3,93111,False,ok,e286b8f4e1b2651156e755504218a7a7364af20974f2c9e16f3798cde5ee064b,wasabi2_candidate,True,61,204
161,165,v0_p2wpkh;v1_p2tr,v0_p2wpkh;v1_p2tr,False,0,True,0.9758,False,13,50000,True,ok,8f69bb7ee1cedf825b11829a9f5971b534e12c27408e978571fd6a7acd1f1779,wasabi2_candidate,True,161,165
217,197,v0_p2wpkh;v1_p2tr,v0_p2wpkh;v1_p2tr,False,0,True,0.9848,False,18,16777216,True,ok,0475ea51758a4296a8a669e45bf13dd1c42de9b84c55955c30fcf5a8d8996dda,wasabi2_candidate,True,217,197
80,81,p2pkh;p2sh;v0_p2wpkh;v0_p2wsh,p2sh;v0_p2wsh,False,0,False,0.0,True,45,1354009,False,ok,f706298902ef3d757d08dfe73b857ae68060f679697e3d858da000730fc8796c,wasabi2_candidate,True,80,81
155,183,v0_p2wpkh,v0_p2wpkh,False,0,True,0.9891,False,17,20000,True,ok,76de040774cb2990ca9b2b442919b8ec3a19b38bca853ec753fdaca3b84f6ac6,wasabi2_candidate,True,155,183
57,209,p2pkh;p2sh;v0_p2wpkh;v0_p2wsh,p2sh;v0_p2wpkh,False,0,False,0.0,False,2,112858,False,ok,2586d02071787ee9a9be78b3193b589b4fe7f904efdc07c2b06eacb3992ae9c1,wasabi2_candidate,True,57,209
107,104,p2pkh;p2sh;v0_p2wpkh;v0_p2wsh,p2sh;v0_p2wpkh,False,0,False,0.0,False,3,119967,False,ok,b73d99f70f5436f686ad0107ffd5d375d853e743780cabd5102e09fb93e010e6,wasabi2_candidate,True,107,104
51,53,p2sh;v1_p2tr,p2sh;v1_p2tr,False,0,False,0.0,True,48,34546,False,ok,a9b89d348ae765b3438c491ab42c9af7916b7c7cf0ea4a56dc136593f904eaf0,wasabi2_candidate,True,51,53
51,52,v0_p2wpkh;v1_p2tr,v1_p2tr,False,0,False,0.1346,True,43,546,False,ok,14215e9ff53858293605be32f169c12c0cf2b77a664f0b882b41e5a383de6a4a,wasabi2_candidate,True,51,52
61,226,p2pkh;p2sh;v0_p2wpkh;v0_p2wsh,p2sh;v0_p2wpkh,False,0,False,0.0,False,7,237041108,False,ok,94c16c48338992f1f5f5335b575225f861b284831efe8a58b35de30a8d71004c,wasabi2_candidate,True,61,226
8,9,v0_p2wpkh,v0_p2wpkh,False,0,False,0.0,True,5,53624,False,ok,a7e330591b16879f50ec6a7d945944075e5bdc18ea33bc64a0ed91200a5385e5,label_positive_random,True,8,9
4,5,p2sh;v1_p2tr,p2sh;v1_p2tr,False,0,False,0.0,False,1,22507,False,ok,105f11bd721ff829f74e84185389067e737db4f768dbc3fad7eeacf2028d6b2a,label_positive_random,True,4,5
4,7,p2sh;v0_p2wpkh;v1_p2tr,v0_p2wpkh;v1_p2tr,False,0,False,0.0,False,2,600,False,ok,2bf6ab94de250457be02bc81b6af1e6be7b229097f718b6641f2a025815b8f43,label_positive_random,True,4,7
4,6,v1_p2tr,v1_p2tr,False,0,False,0.0,False,2,600,False,ok,3a9474b5e827852b1687e91b4a4b76291b893ef89df82ee6ccbde991ed4ca45f,label_positive_random,True,4,6
4,7,p2sh;v1_p2tr,v1_p2tr,False,0,False,0.0,False,2,600,False,ok,444593f4a2854747f2682ca56f984c8bde2b80d8d3a41a8b8a65f11410a18620,label_positive_random,True,4,7
21,31,p2sh;v0_p2wpkh;v1_p2tr,p2sh;v0_p2wpkh;v1_p2tr,False,0,False,0.0,False,10,600,False,ok,b5d0b32194334b66b8ce4ba01b0ffd78bb2aa7dbec9178dfd8dfa3d2eb847e74,label_positive_random,True,21,31
12,14,op_return;p2sh;v0_p2wpkh;v1_p2tr,p2sh;v0_p2wpkh;v1_p2tr,False,0,False,0.0,True,10,70547,False,ok,4082b37207e4e54fa8a0c6d49f207eec46855aa511afb918f2860fcadc724bd8,label_positive_random,True,12,14
4,6,v0_p2wpkh;v1_p2tr,v0_p2wpkh;v1_p2tr,False,0,False,0.0,False,2,600,False,ok,5adba4b825cc350ee569d8385dd515dd3a0c9b767b9acc62169fa01ed26da856,label_positive_random,True,4,6
4,6,v1_p2tr,v1_p2tr,False,0,False,0.0,False,2,600,False,ok,3eeb24ed20aee9587dc284422fc6c3b516d96c4544fda6c3f5d78d9e510e8940,label_positive_random,True,4,6
5,4,p2pkh;v0_p2wpkh,v0_p2wpkh,False,0,False,0.0,False,1,998569,False,ok,42b71dc929aaaa2fc97faa53b904e49b2f04248dd1d25c48f3188360a5ce2493,label_positive_random,True,5,4
4,187,p2pkh;p2sh;v0_p2wpkh;v0_p2wsh;v1_p2tr,v0_p2wpkh,False,0,False,0.0,False,3,64270,False,ok,ebaf9220ff7126b15c173272a58a29ecf01322c0affd86446a00fda494ddb10f,label_positive_random,True,4,187
4,5,v0_p2wpkh;v1_p2tr,v0_p2wpkh;v1_p2tr,False,0,False,0.0,False,1,328071,False,ok,3a7e051ba3959da96077c8db61a0f3e5125cc7a3c7a62eecbe6daf7f14e4b7ab,label_positive_random,True,4,5
5,5,p2sh;v0_p2wpkh;v1_p2tr,p2sh;v0_p2wpkh;v1_p2tr,False,0,False,0.0,False,1,231484,False,ok,21312e5e7699a32bfe9afae48af3b4a8505456d2ecea4b247e6f102492cf0008,label_positive_random,True,5,5
10,15,v1_p2tr,v1_p2tr,False,0,False,0.0,False,5,600,False,ok,08e89b6545f881174ccdee80b14b0bad2da2f9828e31bc534bee1710b3a8d6bf,label_positive_random,True,10,15
16,14,v0_p2wpkh,v0_p2wpkh,False,0,False,0.0,False,2,39380,False,ok,313712dca3e814f55a0d6abc3309beca2338497bb01e06e6af0fcceeaf49ffb5,label_positive_random,True,16,14
6,10,p2sh;v0_p2wpkh;v1_p2tr,v0_p2wpkh;v1_p2tr,False,0,False,0.0,False,3,600,False,ok,e73642fc0660261551a34545070b6d9b3a5f75529e630617369d4131e03b73dc,label_positive_random,True,6,10
4,6,v1_p2tr,v1_p2tr,False,0,False,0.0,False,2,600,False,ok,1674cd5b617a8705b556318d8c0e0a7be155f6bb3ea1dd43003540df8a55ba44,label_positive_random,True,4,6
4,7,p2sh;v1_p2tr,p2sh;v1_p2tr,False,0,False,0.0,False,2,600,False,ok,cf80caa26eac9d28d09d9b5462823faf95294c8bced48f8a0e51dcc0f6489bf4,label_positive_random,True,4,7
8,11,p2pkh;p2sh;v0_p2wpkh;v0_p2wsh;v1_p2tr,p2sh;v0_p2wsh,False,0,False,0.0,False,1,767200,False,ok,f821f998eaef3858e7e960469c580cccd5c5a24ea6b6dbf11b2ce4dc9f8a9984,label_positive_random,True,8,11
4,5,p2sh;v1_p2tr,p2sh;v1_p2tr,False,0,False,0.0,False,2,600,False,ok,b4bdb003adaed46a8b59d0188c5285752771e2ddf8dc64bcd9c4975d1533bbdd,label_positive_random,True,4,5
4,6,v1_p2tr,v1_p2tr,False,0,False,0.0,False,2,600,False,ok,8d0b52e6813ebd5b4052cfa6dde04aa5ed4e290c40496ba5ae167ee6d0c5828d,label_positive_random,True,4,6
4,4,v0_p2wpkh;v1_p2tr,v0_p2wpkh;v1_p2tr,False,0,False,0.0,False,1,546,False,ok,aec63eb39361f06c3b96190d3787b6c4ed515dcb40fb2d3cc9ed2a2454f2f04c,label_positive_random,True,4,4
4,5,p2sh;v0_p2wpkh;v1_p2tr,p2sh;v0_p2wpkh;v1_p2tr,False,0,False,0.0,False,1,487395,False,ok,f396f0cc0c2722a026ec1b95c7133e211ca6fb79bc89b6cd1f057d29ef1a3ef2,label_positive_random,True,4,5
32,11,p2pkh;p2sh;v0_p2wpkh;v0_p2wsh;v1_p2tr,p2sh;v0_p2wsh,False,0,False,0.0,False,1,64200,False,ok,b1f0a704f2cb1b9e2e856abde94fd62764cac5ea7d3e21e8eb46ad940a1561b6,label_positive_random,True,32,11
4,7,p2sh;v1_p2tr,v1_p2tr,False,0,False,0.0,False,2,600,False,ok,ad6860703d8b25c1084e6a2ceb129d95862198bd07da9026cffc8b8169d8849a,label_positive_random,True,4,7
5,4,p2sh;v0_p2wpkh;v1_p2tr,p2sh;v1_p2tr,False,0,False,0.0,False,1,546,False,ok,0211ef95a79c35b8d0106563ebc8c08f11bd0689fdd2c71e8a59e98fb63cd6d7,label_positive_random,True,5,4
10,6,v0_p2wpkh;v1_p2tr,v0_p2wpkh;v1_p2tr,False,0,False,0.0,False,2,600,False,ok,c9a33ed7ed2397887d4bc4fe1dfbe4b75662f034e94402339cfe7a12d5ee345d,label_positive_random,True,10,6
32,65,p2pkh;p2sh;v0_p2wpkh,p2sh;v0_p2wpkh,False,0,False,0.0,False,2,80343,False,ok,593eea68c8be85c6e2b2ca620daa19861b1d6eeeb5ff5961c0e7ab09f7b8dddf,label_positive_random,True,32,65
4,7,p2sh;v0_p2wpkh;v1_p2tr,p2sh;v1_p2tr,False,0,False,0.0,False,2,600,False,ok,c76ec6ada1cfa45dff107a953b833e82a73225f21ef6ad4a4acfc7991abaa865,label_positive_random,True,4,7
4,7,v0_p2wpkh;v1_p2tr,v0_p2wpkh;v1_p2tr,False,0,False,0.0,True,3,600,False,ok,7dcb43a595b2fbd62c77d89bee0d7d1571aca534890b2972a3e676dd9e3b0054,label_positive_random,True,4,7
5,7,v1_p2tr,v1_p2tr,False,0,False,0.0,False,2,600,False,ok,21a923fbedf4399c13026da9cc0548a14ebbc6536df1232b94aa518d9b6c4a7b,label_positive_random,True,5,7
4,7,p2sh;v1_p2tr,p2sh;v1_p2tr,False,0,False,0.0,False,2,600,False,ok,8ce58b8b4533098f436c980498d329c09c9aa14bf79455a874ec22a0c0dcdb68,label_positive_random,True,4,7
4,6,v1_p2tr,v1_p2tr,False,0,False,0.0,False,2,600,False,ok,c50837c1af646af86196c127bd46ec4b1ca05c23a363429fcf720b3613faa0ef,label_positive_random,True,4,6
5,7,v0_p2wpkh;v1_p2tr,v0_p2wpkh;v1_p2tr,False,0,False,0.0,False,2,300,False,ok,4e8a9c1fd2595d2c5e78b28c386176edf2ff1416bd6905fbb280d9b7b97a5139,label_positive_random,True,5,7
4,7,p2sh;v0_p2wpkh;v1_p2tr,v1_p2tr,False,0,False,0.0,False,2,600,False,ok,bbb35f8ee00977064aac649704240398d004ea4dd1670d3b432857e32b17a24b,label_positive_random,True,4,7
4,7,p2sh;v0_p2wpkh;v1_p2tr,v1_p2tr,False,0,False,0.0,False,2,600,False,ok,f84488ae75b2ae80c91702ff4b2ec376a832fe5f85eab6709ad12a55d7b2d61f,label_positive_random,True,4,7
5,6,p2sh;v0_p2wpkh;v1_p2tr,p2sh;v0_p2wpkh,False,0,False,0.0,False,2,300,False,ok,2ac7188482bc04b56eba4ca6fc1e6073d89558a9fcbb257a840e280758132aae,label_positive_random,True,5,6
5,4,v1_p2tr,v1_p2tr,False,0,False,0.0,False,1,1200,False,ok,49b64b2407a72ebcb6676d82bef5fca75b24cdbba7a806fa44083e27165d2666,label_positive_random,True,5,4
5,6,v1_p2tr,v1_p2tr,False,0,False,0.0,False,2,600,False,ok,b1a0f42ecdf2c6973d1833268cece33d81d0d5c4298bcaf980b786714269e7d1,label_positive_random,True,5,6
6,4,p2pkh;v0_p2wpkh;v0_p2wsh,p2sh,False,0,False,0.0,False,1,48730,False,ok,bbb1eabda001ba17a61ad95493955b38a02e57354df5f7b1732a98c01a5f518c,label_positive_random,True,6,4
1,2,v0_p2wpkh,v0_p2wpkh,False,0,False,0.0,False,1,142721,False,ok,4f9cd16951d60d48b7cc8a058397ebe18f37ede63bbec4d9ecf5ec8a623891b3,label_negative_random,False,1,2
1,1,v0_p2wpkh,v0_p2wpkh,False,0,False,0.0,False,1,183553222,False,ok,3ddfc96003143c7c3be11b76887e47d0678a7f81f4cfb4138f04d2e688052945,label_negative_random,False,1,1
1,2,p2pkh;v0_p2wpkh,v0_p2wpkh,False,0,False,0.0,False,1,20000,False,ok,e83760cb40da3ef8f03bafe7c199d907c9ca3d5cf6361a6ecb99227e139f4bc1,label_negative_random,False,1,2
1,3,p2sh,p2sh,False,0,False,0.0,False,1,654898,False,ok,70b915610cdcdc9d56cea8570ea8e6b892123f802f5cb5e254796527f6486c1b,label_negative_random,False,1,3
1,2,v0_p2wpkh,v0_p2wpkh,False,0,False,0.0,False,1,548544,False,ok,cedc8126aba7d08b9bb504b92c2a6808cb3506fb3cd6ccc73fe81ae19cdaf875,label_negative_random,False,1,2
1,3,p2pkh;p2sh,p2sh,False,0,False,0.0,False,1,3907953,False,ok,aeb704fc9ee8cd171871b32cd1a5448fcf58aab3acdb64172664de20672bce06,label_negative_random,False,1,3
1,2,p2pkh;p2sh,p2pkh,False,0,False,0.0,False,1,10000,False,ok,f787e551f19799ac57970b22d9ea0de9194ebab454c17cda49b37ca70b609f77,label_negative_random,False,1,2
1,1,v0_p2wpkh,v0_p2wpkh,False,0,False,0.0,False,1,8383,False,ok,be6c54d7e584ab6b192af9763b0f4be624171f60e08241bcbeb6ad29deddef0f,label_negative_random,False,1,1
1,1,v1_p2tr,v1_p2tr,False,0,False,0.0,False,1,330,False,ok,1082f363a38b4b4959cbdcffbed1a5682d1b5b20d1dea00ee6497bf9be67dcdc,label_negative_random,False,1,1
1,2,p2pkh;v0_p2wpkh,v0_p2wpkh,False,0,False,0.0,False,1,3000000,False,ok,58f103848d2381622bc41c4d43c31cadd9bd1e8d68862a39571d588958080f8c,label_negative_random,False,1,2
1,1,v1_p2tr,v1_p2tr,False,0,False,0.0,False,1,1145,False,ok,519114f66abe89f09a46bfa9c035df4f88c6bcac1016ffd577571ae42e87774c,label_negative_random,False,1,1
4,1,v0_p2wpkh,v0_p2wpkh,False,0,False,0.0,False,1,1010517,False,ok,2cda769f9b58dd4392af475070323a09e51acf64c353a3c61adbedb3622ce05f,label_negative_random,False,4,1
1,1,v0_p2wpkh,v0_p2wpkh,False,0,False,0.0,False,1,7391411,False,ok,644a61e8ee8007c0a3cf90d52ed83fa0436388f69e4f176ea8892e15466eb428,label_negative_random,False,1,1
3,2,p2sh;v0_p2wpkh,v0_p2wpkh,False,0,False,0.0,False,1,1902120,False,ok,1bfb3b4bd644d0d603f55053f5b557873102760483de1f8fe07c2d34254ff86c,label_negative_random,False,3,2
2,2,p2pkh;v0_p2wpkh,v0_p2wpkh,False,0,False,0.0,False,1,10000000,False,ok,dd0371e74d208fe6c6312c36b0c78c3136e4525f6ab41a40019d9b2f6c70b773,label_negative_random,False,2,2
1,2,p2pkh;v0_p2wsh,v0_p2wsh,False,0,False,0.0,False,1,734896,False,ok,46680b5c55ed9558e9b7fcbd8f308201e9687e77ced033732dfe521465a41769,label_negative_random,False,1,2
1,101,v0_p2wpkh;v1_p2tr,v1_p2tr,False,0,False,0.0,False,99,4664,False,ok,094622c4964eca673354cf4c22fe53d4718d45b985ae43375afe945d92c7d049,label_negative_random,False,1,101
1,1,v0_p2wpkh,v1_p2tr,False,0,False,0.0,False,1,330,False,ok,eafba61ec97b0cb0ae64992bcf9c1e9d94fe0b7743c5d1405d08656e0b80a02b,label_negative_random,False,1,1
1,3,p2pkh;v0_p2wpkh,v0_p2wpkh,False,0,False,0.0,False,1,44149374,False,ok,86e860eaa17a9a7db385adc229629cbdc22e7c68f3991a6ac04efe195da23e08,label_negative_random,False,1,3
1,2,op_return;v1_p2tr,v1_p2tr,False,0,False,0.0,False,1,8166,False,ok,9f0a8a072ac84818c7cbeefbf9d22ca804eea13e6d62cc8a5f6e1592ddba9952,label_negative_random,False,1,2
