txid,group,corpus_label,corpus_in,corpus_out,timestamp,block_height,n_in,n_out,out_types,in_types,whirlpool,whirlpool_pool_sat,wasabi2,wasabi2_denom_fraction,generic_equal_output,max_equal_output_count,max_equal_output_value,confirmed_coinjoin,verdict
49189d6c1092c7d2535f1a956f95fca45b702f3e47f98856cab88e3c39fce278,whirlpool_candidate,True,6,6,2023-05-16 14:28:35,790012,6,6,v0_p2wpkh,v0_p2wpkh,True,100000,False,0.0,False,6,100000,True,ok
a95f42fb2132ba4e864bb23b518f428315ba6af8e321b84f45077c41de9dd9ed,whirlpool_candidate,True,5,5,2023-05-30 22:11:27,792159,5,5,v0_p2wpkh,v0_p2wpkh,True,1000000,False,0.0,False,5,1000000,True,ok
953d30f238fae1d974be2fcbf45fd288b57d39f4a6bee2c6b59ff6ff83183864,whirlpool_candidate,True,5,5,2023-05-11 18:44:18,789284,5,5,v0_p2wpkh,v0_p2wpkh,True,5000000,False,0.0,False,5,5000000,True,ok
ee8666bbbd4a8e599278157396aacc1e18aedbce1b0ce691a37d053dc9b231fd,whirlpool_candidate,True,5,5,2023-05-19 22:50:01,790523,5,5,v0_p2wpkh;v1_p2tr,v0_p2wpkh;v1_p2tr,False,0,False,0.0,False,1,34463,False,ok
760c8ff1011320dd6a609c2c9296976358699bde044f88430a33871b2c252ea2,whirlpool_candidate,True,5,5,2023-05-17 23:45:48,790236,5,5,v0_p2wpkh;v1_p2tr,v0_p2wpkh;v1_p2tr,False,0,False,0.0,False,1,24631,False,ok
53a201839d2d138207c71252d650343bed97de5ef4cc8053ed369d344d4827f7,whirlpool_candidate,True,8,8,2023-05-25 09:05:39,791301,8,8,v0_p2wpkh,v0_p2wpkh,True,100000,False,0.0,False,8,100000,True,ok
ea15a47b7fda61f30bf98e4ae23968475602259cd31ffbf4bb08de66ca5c589a,whirlpool_candidate,True,5,5,2023-05-14 15:58:02,789721,5,5,v0_p2wpkh,v0_p2wpkh,True,50000000,False,0.0,False,5,50000000,True,ok
9553796eef61f08e1b1c522eb1dca4cb492d4b9b295492560237a7417b5e09d4,whirlpool_candidate,True,6,6,2023-05-22 16:40:51,790917,6,6,v0_p2wpkh,v0_p2wpkh,True,5000000,False,0.0,False,6,5000000,True,ok
f4905121580662dcdced926cb1520b1f228338f8ce2f1f036a9080deb4c52016,whirlpool_candidate,True,6,6,2023-05-16 17:04:01,790037,6,6,v0_p2wpkh,v0_p2wpkh,True,100000,False,0.0,False,6,100000,True,ok
24a36175a5ab1c20930f439253da12343d79663d7508294e400a8ae23a38eb1d,whirlpool_candidate,True,8,8,2023-05-28 05:57:32,791740,8,8,v0_p2wpkh,v0_p2wpkh,True,1000000,False,0.0,False,8,1000000,True,ok
6ffb73ad835ad8d3c5428f8e0549866bf2d84de0a68c707dbef9cf40a59cfc4c,whirlpool_candidate,True,8,8,2023-05-18 09:09:49,790309,8,8,v0_p2wpkh,v0_p2wpkh,True,1000000,False,0.0,False,8,1000000,True,ok
387e69d822131b42e7014af4d673e0c19a2ad5240c508850341f2841e683c0b8,whirlpool_candidate,True,5,5,2023-05-06 15:51:18,788532,5,5,v0_p2wpkh;v1_p2tr,v0_p2wpkh;v1_p2tr,False,0,False,0.0,False,1,61080,False,ok
3bf74e0eb542fc883065af669053b800f7d52bdc109fcf44df8744cf979ee63c,whirlpool_candidate,True,5,5,2023-05-12 22:15:06,789448,5,5,v0_p2wpkh,v0_p2wpkh,True,5000000,False,0.0,False,5,5000000,True,ok
fe4fb8a355e94ac090db1a8c06f69fae832aef51f5d77edfb02fca719e428ce4,whirlpool_candidate,True,5,5,2023-05-23 06:50:04,791007,5,5,v0_p2wpkh;v1_p2tr,v0_p2wpkh;v1_p2tr,False,0,False,0.0,False,1,67399,False,ok
b7498435c3d974d8d34868ca52c9b1511c4c6e46492af20233878a6fa49b02cd,whirlpool_candidate,True,5,5,2023-05-24 04:54:45,791141,5,5,v0_p2wpkh;v1_p2tr,v0_p2wpkh;v1_p2tr,False,0,False,0.0,False,1,88619,False,ok
436f913dba18a02e092b80d9499b22d147fd2a52d7bba79f5107f60ac02f9d88,whirlpool_candidate,True,5,5,2023-05-14 14:20:05,789708,5,5,v0_p2wpkh,v0_p2wpkh,True,100000,False,0.0,False,5,100000,True,ok
bdac9c90e850234a7bd3cc6b2faf61ee27c4dc039d20c2fff0a0e655263ebc4a,whirlpool_candidate,True,8,8,2023-05-17 23:30:58,790235,8,8,v0_p2wpkh,v0_p2wpkh,True,5000000,False,0.0,False,8,5000000,True,ok
c95877ecb89132cf35ddc1e43291718a67ae116ed837d25102809852acffa362,whirlpool_candidate,True,5,5,2023-05-15 06:36:01,789814,5,5,v0_p2wpkh;v0_p2wsh,v0_p2wpkh,False,0,False,0.0,False,5,5000000,False,ok
5b44e860d088818199ec706d692e3560584fe137655f2be362900374f667a03f,whirlpool_candidate,True,5,5,2023-05-10 22:52:57,789160,5,5,v0_p2wpkh,v0_p2wpkh,True,5000000,False,0.0,False,5,5000000,True,ok
429f6f49e1761b30c1418ef4d5795626cc84dd88b310f4988ddcd404dd9d6962,whirlpool_candidate,True,5,5,2024-05-13 21:04:35,843344,5,5,v0_p2wpkh,p2sh,False,0,False,0.0,False,1,87060,False,ok
e5fd98f97d0524d7b51682adfe0d82187e0edf8740d4c22de4f5b2d7d34d7028,whirlpool_candidate,True,7,7,2023-05-30 22:42:34,792163,7,7,v0_p2wpkh,v0_p2wpkh,True,1000000,False,0.0,False,7,1000000,True,ok
e9ce51e31722857b36c45f8d2907c8c86922b2c112d966badbabebe4fa9a0c8f,whirlpool_candidate,True,5,5,2023-05-11 07:42:03,789216,5,5,v0_p2wpkh,v0_p2wpkh,True,100000,False,0.0,False,5,100000,True,ok
a2fc4e7364ebe1d02cdf1d7803b20f8083075d5caa612f2c2ea34ceac10edc4a,whirlpool_candidate,True,5,5,2023-05-23 17:16:53,791075,5,5,v0_p2wpkh;v1_p2tr,v0_p2wpkh;v1_p2tr,False,0,False,0.0,False,1,156392,False,ok
771fa617f7e54b07d8bdfda0e7f7742bbf4789ec988fc63fa4ee938ca7e6d7cb,whirlpool_candidate,True,6,6,2023-05-22 15:53:43,790911,6,6,v0_p2wpkh,v0_p2wpkh,True,5000000,False,0.0,False,6,5000000,True,ok
59b1ad3697627baa7643ac5e8c2a415efa5d581c38269bb65586283102e0c0db,whirlpool_candidate,True,6,6,2023-05-27 20:10:20,791679,6,6,v0_p2wpkh,v0_p2wpkh,True,100000,False,0.0,False,6,100000,True,ok
ce457e5098a8792d70421644e0ecdde9fab9f19923560d3d4cf70ee66cbf8fcd,whirlpool_candidate,True,5,5,2023-05-26 05:33:55,791446,5,5,p2sh;v0_p2wpkh;v1_p2tr,p2sh;v0_p2wpkh;v1_p2tr,False,0,False,0.0,False,1,80202,False,ok
248a1943de522d25f28a0b6e2cda47cff8c9b14a0b89df6f118ef5f4c45a8ef6,whirlpool_candidate,True,6,6,2024-05-02 08:01:33,841750,6,6,v1_p2tr,v1_p2tr,False,0,False,0.0,False,2,600,False,ok
9ec0d1b2f0e406c515d5f6e49cc7b33ff0867e8f63b3fcfe81442143a1af0230,whirlpool_candidate,True,8,8,2023-05-28 04:45:49,791728,8,8,v0_p2wpkh,v0_p2wpkh,True,1000000,False,0.0,False,8,1000000,True,ok
9a83529bb06cd847f44d5c7df7a42e5821ae364bdf975ee29122d187105338e5,whirlpool_candidate,True,5,5,2023-05-14 14:41:49,789711,5,5,v0_p2wpkh,v0_p2wpkh,True,100000,False,0.0,False,5,100000,True,ok
9bb0cc1547315ea8fe053a2d1e51f69a5fe92bacc075b87cd08d1c4a8b9cd65e,whirlpool_candidate,True,8,8,2023-05-20 22:44:30,790657,8,8,v0_p2wpkh,v0_p2wpkh,True,1000000,False,0.0,False,8,1000000,True,ok
bda9f8f4d501ceac88f5fe6ed1b7771f9bc819c7e4e607ffaf0bdd349f351cfa,whirlpool_candidate,True,8,8,2023-05-20 17:28:14,790610,8,8,v0_p2wpkh,v0_p2wpkh,True,5000000,False,0.0,False,8,5000000,True,ok
543e75c7e6430081c5add2716feac6f3995f4fbfd5d02495738385bdb6c579de,whirlpool_candidate,True,7,7,2023-05-31 06:13:15,792204,7,7,v0_p2wpkh;v0_p2wsh,v0_p2wpkh,False,0,False,0.0,False,7,5000000,False,ok
20761dccd9c2865b278cffc2063ab29532034e9faf0e64fba977df387bcbf235,whirlpool_candidate,True,8,8,2023-05-28 08:56:54,791757,8,8,v0_p2wpkh;v0_p2wsh,v0_p2wpkh,False,0,False,0.0,False,8,1000000,False,ok
7652e0725bfa7695f0f35739978e0ea5814802f1e283960d2e3571804264794d,whirlpool_candidate,True,6,6,2023-05-30 22:32:28,792161,6,6,v0_p2wpkh,v0_p2wpkh,True,1000000,False,0.0,False,6,1000000,True,ok
029adf0391f9a7eeb268cc7ecb872ad1384425c6da0b9bf90b1e6c19fa5ab38d,whirlpool_candidate,True,8,8,2023-05-29 03:20:21,791880,8,8,v0_p2wpkh,v0_p2wpkh,True,100000,False,0.0,False,8,100000,True,ok
0be27574ca24dd2016ef4b2a4d64bb253af1d98e2917f618303a26c6e266c55a,whirlpool_candidate,True,5,5,2023-08-06 01:31:25,801856,5,5,v0_p2wpkh,v0_p2wpkh,True,100000,False,0.0,False,5,100000,True,ok
8c023d255ff65294404be2dc7a48a8af5e1e6c24d8e09f5429e9abf033a24b0f,whirlpool_candidate,True,7,7,2023-08-16 11:33:08,803440,7,7,v0_p2wpkh;v0_p2wsh,v0_p2wpkh,False,0,False,0.0,False,7,5000000,False,ok
a73a40f452510a594dfa690d68e1a8be3a2a06fca3f304084d16385681c8a4b2,whirlpool_candidate,True,5,5,2023-08-27 19:46:19,805082,5,5,v0_p2wpkh,v0_p2wpkh,True,100000,False,0.0,False,5,100000,True,ok
3639c7b74d1e8ba2851d6512605200b89d30a3d6b46c06a233c88494e598efc1,whirlpool_candidate,True,5,5,2022-08-28 18:42:06,751581,5,5,v0_p2wpkh,v0_p2wpkh,True,5000000,False,0.0,False,5,5000000,True,ok
85f6cc135b13fa65b7dfd86af384c2fe68b532810f12cbca3e65d3002e3524c9,whirlpool_candidate,True,5,5,2022-08-25 14:40:10,751071,5,5,v0_p2wpkh,v0_p2wpkh,True,100000,False,0.0,False,5,100000,True,ok
