task,model,n_features,f1,f1_std,precision,recall,pr_auc,roc_auc,mcc
A_confirmed_vs_random,HistGradientBoosting,26,0.8642,0.0844,0.9196,0.8471,0.9943,1.0,0.8729
A_confirmed_vs_random,LogisticRegression,26,0.6667,0.0,0.6058,0.7412,0.7447,0.9656,0.6673
A_confirmed_vs_random,RandomForest,26,0.9513,0.0048,0.9171,0.9882,0.9909,0.9999,0.9516
B_confirmed_vs_lookalike,HistGradientBoosting,23,0.9643,0.0,0.9537,0.9751,0.9963,0.9951,0.9165
B_confirmed_vs_lookalike,LogisticRegression,23,0.9628,0.0,0.9293,0.9988,0.9348,0.9588,0.9132
B_confirmed_vs_lookalike,RandomForest,23,0.9639,0.0015,0.9705,0.9574,0.994,0.992,0.9174
B_lookalike_with_shape,HistGradientBoosting,26,0.973,0.0,0.9822,0.9639,0.9974,0.9964,0.9385
B_lookalike_with_shape,LogisticRegression,26,0.9633,0.0,0.9314,0.9975,0.9086,0.9519,0.9144
B_lookalike_with_shape,RandomForest,26,0.971,0.0013,0.9841,0.9582,0.9948,0.9922,0.9345
C_wasabi2_only,HistGradientBoosting,23,0.8098,0.0,1.0,0.6803,0.9639,0.9817,0.769
C_wasabi2_only,LogisticRegression,23,0.9878,0.0,0.9837,0.9918,0.9928,0.9916,0.982
C_wasabi2_only,RandomForest,23,0.8447,0.0072,1.0,0.7311,0.9499,0.9729,0.8056
C_wasabi2_only_strict,HistGradientBoosting,13,0.8451,0.0,0.989,0.7377,0.9623,0.978,0.803
C_wasabi2_only_strict,LogisticRegression,13,0.9712,0.0,0.9752,0.9672,0.9796,0.9873,0.9577
C_wasabi2_only_strict,RandomForest,13,0.8447,0.006,1.0,0.7311,0.934,0.9614,0.8056
C_whirlpool_only,HistGradientBoosting,23,0.9973,0.0,0.9947,1.0,1.0,1.0,0.9726
C_whirlpool_only,LogisticRegression,23,0.9627,0.0,0.9434,0.9829,0.9548,0.7645,0.553
C_whirlpool_only,RandomForest,23,0.9792,0.0018,0.9766,0.9818,0.9949,0.9625,0.7841
C_whirlpool_only,RuleBaseline,1,0.9663,,0.9349,1.0,0.9349,0.6814,0.5823
C_whirlpool_only_strict,HistGradientBoosting,13,0.9957,0.0,0.9915,1.0,1.0,1.0,0.9559
C_whirlpool_only_strict,LogisticRegression,13,0.9706,0.0,0.9497,0.9925,0.9703,0.8131,0.6532
C_whirlpool_only_strict,RandomForest,13,0.9882,0.0019,0.9824,0.994,0.9973,0.9794,0.8754
