threshold,precision,recall,f1_illicit,f1_macro,mcc,tp,fp,tn,fn,fpr,fnr,roc_auc,pr_auc,task,model,seed,n_features,note
0.11460783605096551,0.9230769230769231,0.9882352941176471,0.9545454545454546,0.977091502191176,0.9547472670211392,84,7,11032,1,0.0006341154090044387,0.011764705882352804,0.9999136750451607,0.9910696399185264,A_confirmed_vs_random,RandomForest,42,26,trivial by construction; shape separates the sampling frame
0.09584401474003316,0.9032258064516129,0.9882352941176471,0.9438202247191011,0.9716835604791699,0.9443377124816741,84,9,11030,1,0.000815291240148564,0.011764705882352804,0.999921135226443,0.9916374086291627,A_confirmed_vs_random,RandomForest,43,26,trivial by construction; shape separates the sampling frame
0.11206229650008315,0.9230769230769231,0.9882352941176471,0.9545454545454546,0.977091502191176,0.9547472670211392,84,7,11032,1,0.0006341154090044387,0.011764705882352804,0.9999083463442446,0.9909449122059013,A_confirmed_vs_random,RandomForest,44,26,trivial by construction; shape separates the sampling frame
0.09261208201799645,0.9130434782608695,0.9882352941176471,0.9491525423728814,0.9743723837323154,0.9495001797521531,84,8,11031,1,0.0007247033245765014,0.011764705882352804,0.999936055589008,0.9924445928959518,A_confirmed_vs_random,RandomForest,45,26,trivial by construction; shape separates the sampling frame
0.11226824867570051,0.9230769230769231,0.9882352941176471,0.9545454545454546,0.977091502191176,0.9547472670211392,84,7,11032,1,0.0006341154090044387,0.011764705882352804,0.9998689139574662,0.9883426386777807,A_confirmed_vs_random,RandomForest,46,26,trivial by construction; shape separates the sampling frame
0.9951753188662518,1.0,0.6823529411764706,0.8111888111888111,0.9049836840381966,0.8250382197986935,58,0,11039,27,0.0,0.3176470588235257,0.9999605676132216,0.9946448917971232,A_confirmed_vs_random,HistGradientBoosting,42,26,trivial by construction; shape separates the sampling frame
0.009659471076668707,0.8571428571428571,0.9882352941176471,0.9180327868852459,0.9586764886159744,0.9197185742603795,84,14,11025,1,0.0012682308180088774,0.011764705882352804,0.9999733564954201,0.997060234340509,A_confirmed_vs_random,HistGradientBoosting,43,26,trivial by construction; shape separates the sampling frame
0.002524943236345925,0.875,0.9882352941176471,0.9281767955801105,0.9637938403060293,0.9293358899458449,84,12,11027,1,0.001087054986864752,0.011764705882352804,0.9999232667068095,0.991936809381736,A_confirmed_vs_random,HistGradientBoosting,44,26,trivial by construction; shape separates the sampling frame
0.9973465485245004,1.0,0.5882352941176471,0.7407407407407407,0.8695789806900918,0.7657520116706877,50,0,11039,35,0.0,0.41176470588234815,0.9999477787310231,0.9934885761581169,A_confirmed_vs_random,HistGradientBoosting,45,26,trivial by construction; shape separates the sampling frame
0.002030487490162022,0.865979381443299,0.9882352941176471,0.9230769230769231,0.9612212314106632,0.9244901629805015,84,13,11026,1,0.0011776429024368147,0.011764705882352804,0.9999541731721223,0.9944347276040579,A_confirmed_vs_random,HistGradientBoosting,46,26,trivial by construction; shape separates the sampling frame
0.6015762355584514,0.6057692307692307,0.7411764705882353,0.6666666666666666,0.831905344757242,0.6672778748658829,63,41,10998,22,0.0037141045384545698,0.2588235294117617,0.9655749934723413,0.7447213050823156,A_confirmed_vs_random,LogisticRegression,42,26,trivial by construction; shape separates the sampling frame
0.6015762355584514,0.6057692307692307,0.7411764705882353,0.6666666666666666,0.831905344757242,0.6672778748658829,63,41,10998,22,0.0037141045384545698,0.2588235294117617,0.9655749934723413,0.7447213050823156,A_confirmed_vs_random,LogisticRegression,43,26,trivial by construction; shape separates the sampling frame
0.6015762355584514,0.6057692307692307,0.7411764705882353,0.6666666666666666,0.831905344757242,0.6672778748658829,63,41,10998,22,0.0037141045384545698,0.2588235294117617,0.9655749934723413,0.7447213050823156,A_confirmed_vs_random,LogisticRegression,44,26,trivial by construction; shape separates the sampling frame
0.6015762355584514,0.6057692307692307,0.7411764705882353,0.6666666666666666,0.831905344757242,0.6672778748658829,63,41,10998,22,0.0037141045384545698,0.2588235294117617,0.9655749934723413,0.7447213050823156,A_confirmed_vs_random,LogisticRegression,45,26,trivial by construction; shape separates the sampling frame
0.6015762355584514,0.6057692307692307,0.7411764705882353,0.6666666666666666,0.831905344757242,0.6672778748658829,63,41,10998,22,0.0037141045384545698,0.2588235294117617,0.9655749934723413,0.7447213050823156,A_confirmed_vs_random,LogisticRegression,46,26,trivial by construction; shape separates the sampling frame
0.4470892441813549,0.9721518987341772,0.9564134495641345,0.9642184557438794,0.9590696159075096,0.918306284855935,768,22,590,35,0.035947712418300595,0.04358655043586545,0.9920538991852449,0.9939569084273174,B_confirmed_vs_lookalike,RandomForest,42,23,shape columns withheld; both classes already satisfy them
0.48644617820341923,0.9746514575411914,0.9576587795765878,0.9660804020100503,0.9612308310534905,0.9226557821061272,769,20,592,34,0.03267973856209145,0.04234122042341215,0.9919867490375145,0.9940229169930929,B_confirmed_vs_lookalike,RandomForest,43,23,shape columns withheld; both classes already satisfy them
0.4325922052553927,0.969735182849937,0.9576587795765878,0.9636591478696742,0.9583287635620656,0.9167563995837026,769,24,588,34,0.03921568627450974,0.04234122042341215,0.9919928535963991,0.9939446018850887,B_confirmed_vs_lookalike,RandomForest,44,23,shape columns withheld; both classes already satisfy them
0.4227144465524023,0.969735182849937,0.9576587795765878,0.9636591478696742,0.9583287635620656,0.9167563995837026,769,24,588,34,0.03921568627450974,0.04234122042341215,0.9923143603643201,0.9941859049114816,B_confirmed_vs_lookalike,RandomForest,45,23,shape columns withheld; both classes already satisfy them
0.4239579318682381,0.9660804020100503,0.9576587795765878,0.9618511569731082,0.9561489740998765,0.9123463348908414,769,27,585,34,0.044117647058823456,0.04234122042341215,0.991697799916978,0.9936428834479575,B_confirmed_vs_lookalike,RandomForest,46,23,shape columns withheld; both classes already satisfy them
0.016907187612121306,0.953714981729598,0.975093399750934,0.9642857142857143,0.9580964226486615,0.9165166569288028,783,38,574,20,0.062091503267973754,0.02490660024906597,0.9951133006128978,0.9963111946868626,B_confirmed_vs_lookalike,HistGradientBoosting,42,23,shape columns withheld; both classes already satisfy them
0.016907187612121306,0.953714981729598,0.975093399750934,0.9642857142857143,0.9580964226486615,0.9165166569288028,783,38,574,20,0.062091503267973754,0.02490660024906597,0.9951133006128978,0.9963111946868626,B_confirmed_vs_lookalike,HistGradientBoosting,43,23,shape columns withheld; both classes already satisfy them
0.016907187612121306,0.953714981729598,0.975093399750934,0.9642857142857143,0.9580964226486615,0.9165166569288028,783,38,574,20,0.062091503267973754,0.02490660024906597,0.9951133006128978,0.9963111946868626,B_confirmed_vs_lookalike,HistGradientBoosting,44,23,shape columns withheld; both classes already satisfy them
0.016907187612121306,0.953714981729598,0.975093399750934,0.9642857142857143,0.9580964226486615,0.9165166569288028,783,38,574,20,0.062091503267973754,0.02490660024906597,0.9951133006128978,0.9963111946868626,B_confirmed_vs_lookalike,HistGradientBoosting,45,23,shape columns withheld; both classes already satisfy them
0.016907187612121306,0.953714981729598,0.975093399750934,0.9642857142857143,0.9580964226486615,0.9165166569288028,783,38,574,20,0.062091503267973754,0.02490660024906597,0.9951133006128978,0.9963111946868626,B_confirmed_vs_lookalike,HistGradientBoosting,46,23,shape columns withheld; both classes already satisfy them
0.00010718960063614991,0.929316338354577,0.9987546699875467,0.9627851140456183,0.9547602546173108,0.9131825263152299,802,61,551,1,0.09967320261437893,0.0012453300124532986,0.9587535304698883,0.9348359691942716,B_confirmed_vs_lookalike,LogisticRegression,42,23,shape columns withheld; both classes already satisfy them
0.00010718960063614991,0.929316338354577,0.9987546699875467,0.9627851140456183,0.9547602546173108,0.9131825263152299,802,61,551,1,0.09967320261437893,0.0012453300124532986,0.9587535304698883,0.9348359691942716,B_confirmed_vs_lookalike,LogisticRegression,43,23,shape columns withheld; both classes already satisfy them
0.00010718960063614991,0.929316338354577,0.9987546699875467,0.9627851140456183,0.9547602546173108,0.9131825263152299,802,61,551,1,0.09967320261437893,0.0012453300124532986,0.9587535304698883,0.9348359691942716,B_confirmed_vs_lookalike,LogisticRegression,44,23,shape columns withheld; both classes already satisfy them
0.00010718960063614991,0.929316338354577,0.9987546699875467,0.9627851140456183,0.9547602546173108,0.9131825263152299,802,61,551,1,0.09967320261437893,0.0012453300124532986,0.9587535304698883,0.9348359691942716,B_confirmed_vs_lookalike,LogisticRegression,45,23,shape columns withheld; both classes already satisfy them
0.00010718960063614991,0.929316338354577,0.9987546699875467,0.9627851140456183,0.9547602546173108,0.9131825263152299,802,61,551,1,0.09967320261437893,0.0012453300124532986,0.9587535304698883,0.9348359691942716,B_confirmed_vs_lookalike,LogisticRegression,46,23,shape columns withheld; both classes already satisfy them
0.5096504220740026,0.9821200510855683,0.9576587795765878,0.969735182849937,0.9655749869233607,0.9315471722453083,769,14,598,34,0.022875816993464013,0.04234122042341215,0.992426277277204,0.9948591523623331,B_lookalike_with_shape,RandomForest,42,26,"shape columns restored, to show how little they add here"
0.5027082235917683,0.9808917197452229,0.958904109589041,0.9697732997481109,0.965562978376471,0.9314478910685824,770,15,597,33,0.024509803921568585,0.04109589041095885,0.9924120333064732,0.9948142765251355,B_lookalike_with_shape,RandomForest,43,26,"shape columns restored, to show how little they add here"
0.5554506379383454,0.9858793324775353,0.9564134495641345,0.9709228824273072,0.9670319540341664,0.9346360315939788,768,11,601,35,0.017973856209150298,0.04358655043586545,0.9919684353608609,0.9947080862513177,B_lookalike_with_shape,RandomForest,44,26,"shape columns restored, to show how little they add here"
0.5155667501614049,0.9834183673469388,0.9601494396014943,0.9716446124763705,0.9677209385792955,0.9358012729871505,771,13,599,32,0.021241830065359443,0.039850560398505555,0.9925178456604725,0.9949822506953374,B_lookalike_with_shape,RandomForest,45,26,"shape columns restored, to show how little they add here"
0.5747435040468605,0.9884318766066839,0.9576587795765878,0.9728020240354206,0.9691872410008968,0.938996488719374,769,9,603,34,0.014705882352941152,0.04234122042341215,0.991616405798517,0.9944450394041954,B_lookalike_with_shape,RandomForest,46,26,"shape columns restored, to show how little they add here"
0.6000728958961759,0.9822335025380711,0.9638854296388543,0.972972972972973,0.9691337826931048,0.9384921934410811,774,14,598,29,0.022875816993464013,0.03611457036114566,0.996379996581447,0.9973728597960789,B_lookalike_with_shape,HistGradientBoosting,42,26,"shape columns restored, to show how little they add here"
0.6000728958961759,0.9822335025380711,0.9638854296388543,0.972972972972973,0.9691337826931048,0.9384921934410811,774,14,598,29,0.022875816993464013,0.03611457036114566,0.996379996581447,0.9973728597960789,B_lookalike_with_shape,HistGradientBoosting,43,26,"shape columns restored, to show how little they add here"
0.6000728958961759,0.9822335025380711,0.9638854296388543,0.972972972972973,0.9691337826931048,0.9384921934410811,774,14,598,29,0.022875816993464013,0.03611457036114566,0.996379996581447,0.9973728597960789,B_lookalike_with_shape,HistGradientBoosting,44,26,"shape columns restored, to show how little they add here"
0.6000728958961759,0.9822335025380711,0.9638854296388543,0.972972972972973,0.9691337826931048,0.9384921934410811,774,14,598,29,0.022875816993464013,0.03611457036114566,0.996379996581447,0.9973728597960789,B_lookalike_with_shape,HistGradientBoosting,45,26,"shape columns restored, to show how little they add here"
0.6000728958961759,0.9822335025380711,0.9638854296388543,0.972972972972973,0.9691337826931048,0.9384921934410811,774,14,598,29,0.022875816993464013,0.03611457036114566,0.996379996581447,0.9973728597960789,B_lookalike_with_shape,HistGradientBoosting,46,26,"shape columns restored, to show how little they add here"
0.06398811232171488,0.9313953488372093,0.9975093399750934,0.963319302465424,0.9555242613441087,0.9143505651461733,801,59,553,2,0.09640522875816977,0.002490660024906597,0.9518533440773569,0.9085622260427517,B_lookalike_with_shape,LogisticRegression,42,26,"shape columns restored, to show how little they add here"
0.06398811232171488,0.9313953488372093,0.9975093399750934,0.963319302465424,0.9555242613441087,0.9143505651461733,801,59,553,2,0.09640522875816977,0.002490660024906597,0.9518533440773569,0.9085622260427517,B_lookalike_with_shape,LogisticRegression,43,26,"shape columns restored, to show how little they add here"
0.06398811232171488,0.9313953488372093,0.9975093399750934,0.963319302465424,0.9555242613441087,0.9143505651461733,801,59,553,2,0.09640522875816977,0.002490660024906597,0.9518533440773569,0.9085622260427517,B_lookalike_with_shape,LogisticRegression,44,26,"shape columns restored, to show how little they add here"
0.06398811232171488,0.9313953488372093,0.9975093399750934,0.963319302465424,0.9555242613441087,0.9143505651461733,801,59,553,2,0.09640522875816977,0.002490660024906597,0.9518533440773569,0.9085622260427517,B_lookalike_with_shape,LogisticRegression,45,26,"shape columns restored, to show how little they add here"
0.06398811232171488,0.9313953488372093,0.9975093399750934,0.963319302465424,0.9555242613441087,0.9143505651461733,801,59,553,2,0.09640522875816977,0.002490660024906597,0.9518533440773569,0.9085622260427517,B_lookalike_with_shape,LogisticRegression,46,26,"shape columns restored, to show how little they add here"
0.5615100065517746,0.9775641025641025,0.9807073954983923,0.9791332263242376,0.8925516877889845,0.7852158091293685,915,21,81,18,0.20588235294117446,0.019292604501607694,0.9610049807704433,0.9947724748828318,C_whirlpool_only,RandomForest,42,23,single shape regime; the group-membership shortcut is removed
0.5371993869632062,0.9776357827476039,0.9839228295819936,0.9807692307692307,0.8994755244755245,0.7994194055156131,918,21,81,15,0.20588235294117446,0.016077170418006412,0.96231847508564,0.9947315705060195,C_whirlpool_only,RandomForest,43,23,single shape regime; the group-membership shortcut is removed
0.5436783372575561,0.9765208110992529,0.9807073954983923,0.9786096256684492,0.8893048128342247,0.7788099653503109,915,22,80,18,0.21568627450980182,0.019292604501607694,0.9649139398524683,0.9953858957235175,C_whirlpool_only,RandomForest,44,23,single shape regime; the group-membership shortcut is removed
0.5468457914670516,0.9774436090225563,0.9753483386923901,0.9763948497854077,0.8814013083878495,0.7628494267542736,910,21,81,23,0.20588235294117446,0.024651661307609835,0.9593342160015131,0.9942410907803128,C_whirlpool_only,RandomForest,45,23,single shape regime; the group-membership shortcut is removed
0.5180530959352933,0.9736008447729673,0.9882100750267953,0.9808510638297873,0.8956886898096305,0.7941067317119699,922,25,77,11,0.24509803921568388,0.011789924973204703,0.9649244478069898,0.9955148946952757,C_whirlpool_only,RandomForest,46,23,single shape regime; the group-membership shortcut is removed
0.7388896900934514,0.9946695095948828,1.0,0.997327632282202,0.9861010020707492,0.9725796627017326,933,5,97,0,0.049019607843136775,0.0,1.0,1.0,C_whirlpool_only,HistGradientBoosting,42,23,single shape regime; the group-membership shortcut is removed
0.7388896900934514,0.9946695095948828,1.0,0.997327632282202,0.9861010020707492,0.9725796627017326,933,5,97,0,0.049019607843136775,0.0,1.0,1.0,C_whirlpool_only,HistGradientBoosting,43,23,single shape regime; the group-membership shortcut is removed
0.7388896900934514,0.9946695095948828,1.0,0.997327632282202,0.9861010020707492,0.9725796627017326,933,5,97,0,0.049019607843136775,0.0,1.0,1.0,C_whirlpool_only,HistGradientBoosting,44,23,single shape regime; the group-membership shortcut is removed
0.7388896900934514,0.9946695095948828,1.0,0.997327632282202,0.9861010020707492,0.9725796627017326,933,5,97,0,0.049019607843136775,0.0,1.0,1.0,C_whirlpool_only,HistGradientBoosting,45,23,single shape regime; the group-membership shortcut is removed
0.7388896900934514,0.9946695095948828,1.0,0.997327632282202,0.9861010020707492,0.9725796627017326,933,5,97,0,0.049019607843136775,0.0,1.0,1.0,C_whirlpool_only,HistGradientBoosting,46,23,single shape regime; the group-membership shortcut is removed
0.19922682911064837,0.9434156378600823,0.9828510182207931,0.9627296587926509,0.7662133142448103,0.553049020442445,917,55,47,16,0.5392156862745046,0.017148981779206842,0.7644641993989449,0.9548278470784533,C_whirlpool_only,LogisticRegression,42,23,single shape regime; the group-membership shortcut is removed
0.19922682911064837,0.9434156378600823,0.9828510182207931,0.9627296587926509,0.7662133142448103,0.553049020442445,917,55,47,16,0.5392156862745046,0.017148981779206842,0.7644641993989449,0.9548278470784533,C_whirlpool_only,LogisticRegression,43,23,single shape regime; the group-membership shortcut is removed
0.19922682911064837,0.9434156378600823,0.9828510182207931,0.9627296587926509,0.7662133142448103,0.553049020442445,917,55,47,16,0.5392156862745046,0.017148981779206842,0.7644641993989449,0.9548278470784533,C_whirlpool_only,LogisticRegression,44,23,single shape regime; the group-membership shortcut is removed
0.19922682911064837,0.9434156378600823,0.9828510182207931,0.9627296587926509,0.7662133142448103,0.553049020442445,917,55,47,16,0.5392156862745046,0.017148981779206842,0.7644641993989449,0.9548278470784533,C_whirlpool_only,LogisticRegression,45,23,single shape regime; the group-membership shortcut is removed
0.19922682911064837,0.9434156378600823,0.9828510182207931,0.9627296587926509,0.7662133142448103,0.553049020442445,917,55,47,16,0.5392156862745046,0.017148981779206842,0.7644641993989449,0.9548278470784533,C_whirlpool_only,LogisticRegression,46,23,single shape regime; the group-membership shortcut is removed
0.5724084689484426,0.9830687830687831,0.9957127545551983,0.9893503727369543,0.9425918530351438,0.8873359202307467,929,16,86,4,0.1568627450980377,0.0042872454448017105,0.9829560977660089,0.9978196225203051,C_whirlpool_only_strict,RandomForest,42,13,"fee, size and timing only; every arithmetic route to the per-output value is withheld"
0.5395355879864905,0.9820485744456178,0.9967845659163987,0.9893617021276596,0.9420492721164614,0.8870832124112885,930,17,85,3,0.16666666666666505,0.0032154340836012827,0.9736355421053738,0.9964874855675876,C_whirlpool_only_strict,RandomForest,43,13,"fee, size and timing only; every arithmetic route to the per-output value is withheld"
0.6260831456568796,0.9829242262540021,0.9871382636655949,0.9850267379679144,0.9225133689839572,0.8452405170346337,921,16,86,12,0.1568627450980377,0.01286173633440513,0.9821574932223693,0.9977323886159271,C_whirlpool_only_strict,RandomForest,44,13,"fee, size and timing only; every arithmetic route to the per-output value is withheld"
0.5821392006788708,0.9819915254237288,0.9935691318327974,0.9877464038359084,0.9342877096899749,0.8703391129242815,927,17,85,6,0.16666666666666505,0.006430868167202565,0.9807179034529139,0.9975579387053664,C_whirlpool_only_strict,RandomForest,45,13,"fee, size and timing only; every arithmetic route to the per-output value is withheld"
0.5773647741740628,0.9820485744456178,0.9967845659163987,0.9893617021276596,0.9420492721164614,0.8870832124112885,930,17,85,3,0.16666666666666505,0.0032154340836012827,0.9777021205052225,0.9970967641633333,C_whirlpool_only_strict,RandomForest,46,13,"fee, size and timing only; every arithmetic route to the per-output value is withheld"
0.654314681269006,0.9914984059511158,1.0,0.9957310565635006,0.9774573650164442,0.9558942541370383,933,8,94,0,0.07843137254901884,0.0,1.0,1.0,C_whirlpool_only_strict,HistGradientBoosting,42,13,"fee, size and timing only; every arithmetic route to the per-output value is withheld"
0.654314681269006,0.9914984059511158,1.0,0.9957310565635006,0.9774573650164442,0.9558942541370383,933,8,94,0,0.07843137254901884,0.0,1.0,1.0,C_whirlpool_only_strict,HistGradientBoosting,43,13,"fee, size and timing only; every arithmetic route to the per-output value is withheld"
0.654314681269006,0.9914984059511158,1.0,0.9957310565635006,0.9774573650164442,0.9558942541370383,933,8,94,0,0.07843137254901884,0.0,1.0,1.0,C_whirlpool_only_strict,HistGradientBoosting,44,13,"fee, size and timing only; every arithmetic route to the per-output value is withheld"
0.654314681269006,0.9914984059511158,1.0,0.9957310565635006,0.9774573650164442,0.9558942541370383,933,8,94,0,0.07843137254901884,0.0,1.0,1.0,C_whirlpool_only_strict,HistGradientBoosting,45,13,"fee, size and timing only; every arithmetic route to the per-output value is withheld"
0.654314681269006,0.9914984059511158,1.0,0.9957310565635006,0.9774573650164442,0.9558942541370383,933,8,94,0,0.07843137254901884,0.0,1.0,1.0,C_whirlpool_only_strict,HistGradientBoosting,46,13,"fee, size and timing only; every arithmetic route to the per-output value is withheld"
0.21674585914199387,0.9497435897435897,0.992497320471597,0.9706498951781971,0.812485441416259,0.6531638339582702,926,49,53,7,0.4803921568627404,0.007502679528402993,0.8131265367883488,0.9703082590837728,C_whirlpool_only_strict,LogisticRegression,42,13,"fee, size and timing only; every arithmetic route to the per-output value is withheld"
0.21674585914199387,0.9497435897435897,0.992497320471597,0.9706498951781971,0.812485441416259,0.6531638339582702,926,49,53,7,0.4803921568627404,0.007502679528402993,0.8131265367883488,0.9703082590837728,C_whirlpool_only_strict,LogisticRegression,43,13,"fee, size and timing only; every arithmetic route to the per-output value is withheld"
0.21674585914199387,0.9497435897435897,0.992497320471597,0.9706498951781971,0.812485441416259,0.6531638339582702,926,49,53,7,0.4803921568627404,0.007502679528402993,0.8131265367883488,0.9703082590837728,C_whirlpool_only_strict,LogisticRegression,44,13,"fee, size and timing only; every arithmetic route to the per-output value is withheld"
0.21674585914199387,0.9497435897435897,0.992497320471597,0.9706498951781971,0.812485441416259,0.6531638339582702,926,49,53,7,0.4803921568627404,0.007502679528402993,0.8131265367883488,0.9703082590837728,C_whirlpool_only_strict,LogisticRegression,45,13,"fee, size and timing only; every arithmetic route to the per-output value is withheld"
0.21674585914199387,0.9497435897435897,0.992497320471597,0.9706498951781971,0.812485441416259,0.6531638339582702,926,49,53,7,0.4803921568627404,0.007502679528402993,0.8131265367883488,0.9703082590837728,C_whirlpool_only_strict,LogisticRegression,46,13,"fee, size and timing only; every arithmetic route to the per-output value is withheld"
0.5,0.9348697394789579,1.0,0.9663386846193682,0.7493563926693964,0.5823396047850349,933,65,37,0,0.637254901960778,0.0,0.6813725490196079,0.9348697394789579,C_whirlpool_only,RuleBaseline,0,1,per-output value exactly at a pool denomination
0.7593853730657966,1.0,0.7377049180327869,0.8490566037735849,0.8954373927958834,0.8102979252926967,90,0,259,32,0.0,0.26229508196721096,0.9727514399645546,0.9503560347529683,C_wasabi2_only,RandomForest,42,23,single shape regime; the group-membership shortcut is removed
0.7966537043587859,1.0,0.7131147540983607,0.8325358851674641,0.8846223729634789,0.7926033942112679,87,0,259,35,0.0,0.286885245901637,0.976327615671878,0.9541371017571874,C_wasabi2_only,RandomForest,43,23,single shape regime; the group-membership shortcut is removed
0.7880803178350402,1.0,0.7377049180327869,0.8490566037735849,0.8954373927958834,0.8102979252926967,90,0,259,32,0.0,0.26229508196721096,0.9702196341540604,0.9463084163728273,C_wasabi2_only,RandomForest,44,23,single shape regime; the group-membership shortcut is removed
0.7706267086132498,1.0,0.7295081967213115,0.8436018957345972,0.8918553943282787,0.804402745662168,89,0,259,33,0.0,0.2704918032786863,0.9712323564782581,0.9482542680390939,C_wasabi2_only,RandomForest,45,23,single shape regime; the group-membership shortcut is removed
0.7692798373124851,1.0,0.7377049180327869,0.8490566037735849,0.8954373927958834,0.8102979252926967,90,0,259,32,0.0,0.26229508196721096,0.9740489904424331,0.9504841339619853,C_wasabi2_only,RandomForest,46,23,single shape regime; the group-membership shortcut is removed
0.9940323846731406,1.0,0.680327868852459,0.8097560975609757,0.8698690721198057,0.7689549214687182,83,0,259,39,0.0,0.3196721311475384,0.9817077030191784,0.9638822085941963,C_wasabi2_only,HistGradientBoosting,42,23,single shape regime; the group-membership shortcut is removed
0.9940323846731406,1.0,0.680327868852459,0.8097560975609757,0.8698690721198057,0.7689549214687182,83,0,259,39,0.0,0.3196721311475384,0.9817077030191784,0.9638822085941963,C_wasabi2_only,HistGradientBoosting,43,23,single shape regime; the group-membership shortcut is removed
0.9940323846731406,1.0,0.680327868852459,0.8097560975609757,0.8698690721198057,0.7689549214687182,83,0,259,39,0.0,0.3196721311475384,0.9817077030191784,0.9638822085941963,C_wasabi2_only,HistGradientBoosting,44,23,single shape regime; the group-membership shortcut is removed
0.9940323846731406,1.0,0.680327868852459,0.8097560975609757,0.8698690721198057,0.7689549214687182,83,0,259,39,0.0,0.3196721311475384,0.9817077030191784,0.9638822085941963,C_wasabi2_only,HistGradientBoosting,45,23,single shape regime; the group-membership shortcut is removed
0.9940323846731406,1.0,0.680327868852459,0.8097560975609757,0.8698690721198057,0.7689549214687182,83,0,259,39,0.0,0.3196721311475384,0.9817077030191784,0.9638822085941963,C_wasabi2_only,HistGradientBoosting,46,23,single shape regime; the group-membership shortcut is removed
0.3025562702216391,0.983739837398374,0.9918032786885246,0.9877551020408163,0.9909761970552244,0.9819703055567761,121,2,257,1,0.007722007722007692,0.008196721311475343,0.9915817456801064,0.9928384805041581,C_wasabi2_only,LogisticRegression,42,23,single shape regime; the group-membership shortcut is removed
0.3025562702216391,0.983739837398374,0.9918032786885246,0.9877551020408163,0.9909761970552244,0.9819703055567761,121,2,257,1,0.007722007722007692,0.008196721311475343,0.9915817456801064,0.9928384805041581,C_wasabi2_only,LogisticRegression,43,23,single shape regime; the group-membership shortcut is removed
0.3025562702216391,0.983739837398374,0.9918032786885246,0.9877551020408163,0.9909761970552244,0.9819703055567761,121,2,257,1,0.007722007722007692,0.008196721311475343,0.9915817456801064,0.9928384805041581,C_wasabi2_only,LogisticRegression,44,23,single shape regime; the group-membership shortcut is removed
0.3025562702216391,0.983739837398374,0.9918032786885246,0.9877551020408163,0.9909761970552244,0.9819703055567761,121,2,257,1,0.007722007722007692,0.008196721311475343,0.9915817456801064,0.9928384805041581,C_wasabi2_only,LogisticRegression,45,23,single shape regime; the group-membership shortcut is removed
0.3025562702216391,0.983739837398374,0.9918032786885246,0.9877551020408163,0.9909761970552244,0.9819703055567761,121,2,257,1,0.007722007722007692,0.008196721311475343,0.9915817456801064,0.9928384805041581,C_wasabi2_only,LogisticRegression,46,23,single shape regime; the group-membership shortcut is removed
0.7018720217658903,1.0,0.7377049180327869,0.8490566037735849,0.8954373927958834,0.8102979252926967,90,0,259,32,0.0,0.26229508196721096,0.962102031774163,0.9337703886938655,C_wasabi2_only_strict,RandomForest,42,13,"fee, size and timing only; every arithmetic route to the per-output value is withheld"
0.6828146262186712,1.0,0.7377049180327869,0.8490566037735849,0.8954373927958834,0.8102979252926967,90,0,259,32,0.0,0.26229508196721096,0.9632888157478321,0.9375399532614551,C_wasabi2_only_strict,RandomForest,43,13,"fee, size and timing only; every arithmetic route to the per-output value is withheld"
0.7394062950826792,1.0,0.7213114754098361,0.8380952380952381,0.8882505175983437,0.7985047291628172,88,0,259,34,0.0,0.27868852459016163,0.9609627191594405,0.9329233584008652,C_wasabi2_only_strict,RandomForest,44,13,"fee, size and timing only; every arithmetic route to the per-output value is withheld"
0.7321088667453293,1.0,0.7213114754098361,0.8380952380952381,0.8882505175983437,0.7985047291628172,88,0,259,34,0.0,0.27868852459016163,0.9668491676688399,0.9407288191759753,C_wasabi2_only_strict,RandomForest,45,13,"fee, size and timing only; every arithmetic route to the per-output value is withheld"
0.6931757579023788,1.0,0.7377049180327869,0.8490566037735849,0.8954373927958834,0.8102979252926967,90,0,259,32,0.0,0.26229508196721096,0.9539844293942654,0.9252744813823253,C_wasabi2_only_strict,RandomForest,46,13,"fee, size and timing only; every arithmetic route to the per-output value is withheld"
0.02850967251700872,0.989010989010989,0.7377049180327869,0.8450704225352113,0.8924805664588624,0.8029967715690131,90,1,258,32,0.003861003861003846,0.26229508196721096,0.9779732894486993,0.9622998315769591,C_wasabi2_only_strict,HistGradientBoosting,42,13,"fee, size and timing only; every arithmetic route to the per-output value is withheld"
0.02850967251700872,0.989010989010989,0.7377049180327869,0.8450704225352113,0.8924805664588624,0.8029967715690131,90,1,258,32,0.003861003861003846,0.26229508196721096,0.9779732894486993,0.9622998315769591,C_wasabi2_only_strict,HistGradientBoosting,43,13,"fee, size and timing only; every arithmetic route to the per-output value is withheld"
0.02850967251700872,0.989010989010989,0.7377049180327869,0.8450704225352113,0.8924805664588624,0.8029967715690131,90,1,258,32,0.003861003861003846,0.26229508196721096,0.9779732894486993,0.9622998315769591,C_wasabi2_only_strict,HistGradientBoosting,44,13,"fee, size and timing only; every arithmetic route to the per-output value is withheld"
0.02850967251700872,0.989010989010989,0.7377049180327869,0.8450704225352113,0.8924805664588624,0.8029967715690131,90,1,258,32,0.003861003861003846,0.26229508196721096,0.9779732894486993,0.9622998315769591,C_wasabi2_only_strict,HistGradientBoosting,45,13,"fee, size and timing only; every arithmetic route to the per-output value is withheld"
0.02850967251700872,0.989010989010989,0.7377049180327869,0.8450704225352113,0.8924805664588624,0.8029967715690131,90,1,258,32,0.003861003861003846,0.26229508196721096,0.9779732894486993,0.9622998315769591,C_wasabi2_only_strict,HistGradientBoosting,46,13,"fee, size and timing only; every arithmetic route to the per-output value is withheld"
0.8235280985136073,0.9752066115702479,0.9672131147540983,0.9711934156378601,0.9788529698613193,0.9577237562265825,118,3,256,4,0.011583011583011537,0.03278688524590137,0.9873409709475284,0.979553889292231,C_wasabi2_only_strict,LogisticRegression,42,13,"fee, size and timing only; every arithmetic route to the per-output value is withheld"
0.8235280985136073,0.9752066115702479,0.9672131147540983,0.9711934156378601,0.9788529698613193,0.9577237562265825,118,3,256,4,0.011583011583011537,0.03278688524590137,0.9873409709475284,0.979553889292231,C_wasabi2_only_strict,LogisticRegression,43,13,"fee, size and timing only; every arithmetic route to the per-output value is withheld"
0.8235280985136073,0.9752066115702479,0.9672131147540983,0.9711934156378601,0.9788529698613193,0.9577237562265825,118,3,256,4,0.011583011583011537,0.03278688524590137,0.9873409709475284,0.979553889292231,C_wasabi2_only_strict,LogisticRegression,44,13,"fee, size and timing only; every arithmetic route to the per-output value is withheld"
0.8235280985136073,0.9752066115702479,0.9672131147540983,0.9711934156378601,0.9788529698613193,0.9577237562265825,118,3,256,4,0.011583011583011537,0.03278688524590137,0.9873409709475284,0.979553889292231,C_wasabi2_only_strict,LogisticRegression,45,13,"fee, size and timing only; every arithmetic route to the per-output value is withheld"
0.8235280985136073,0.9752066115702479,0.9672131147540983,0.9711934156378601,0.9788529698613193,0.9577237562265825,118,3,256,4,0.011583011583011537,0.03278688524590137,0.9873409709475284,0.979553889292231,C_wasabi2_only_strict,LogisticRegression,46,13,"fee, size and timing only; every arithmetic route to the per-output value is withheld"
