n_test,n_negatives,n_positives,degenerate_resamples,n_boot,mcc,mcc_lo,mcc_hi,f1,f1_lo,f1_hi,precision,precision_lo,precision_hi,recall,recall_lo,recall_hi,model,seed
1035,102,933,0,5000,0.5823,0.4994,0.6572,0.9663,0.9581,0.9739,0.9349,0.9196,0.9492,1.0,1.0,1.0,RuleBaseline,-1
1035,102,933,0,5000,0.9559,0.9227,0.9836,0.9957,0.9925,0.9984,0.9915,0.9852,0.9968,1.0,1.0,1.0,HistGradientBoosting,42
1035,102,933,0,5000,0.9559,0.9235,0.9828,0.9957,0.9925,0.9984,0.9915,0.9851,0.9968,1.0,1.0,1.0,HistGradientBoosting,43
1035,102,933,0,5000,0.9559,0.9227,0.9832,0.9957,0.9925,0.9984,0.9915,0.9852,0.9968,1.0,1.0,1.0,HistGradientBoosting,44
1035,102,933,0,5000,0.9559,0.9242,0.9828,0.9957,0.9925,0.9984,0.9915,0.9852,0.9968,1.0,1.0,1.0,HistGradientBoosting,45
1035,102,933,0,5000,0.9559,0.9227,0.9828,0.9957,0.9925,0.9984,0.9915,0.9852,0.9968,1.0,1.0,1.0,HistGradientBoosting,46
1035,102,933,0,5000,0.8452,0.7855,0.8978,0.985,0.9792,0.9904,0.9829,0.9743,0.9905,0.9871,0.9795,0.9936,RandomForest,42
1035,102,933,0,5000,0.8624,0.806,0.911,0.9866,0.9812,0.9914,0.985,0.9771,0.9924,0.9882,0.9807,0.9946,RandomForest,43
1035,102,933,0,5000,0.8477,0.7878,0.8995,0.985,0.9792,0.99,0.985,0.9765,0.9924,0.985,0.9766,0.9924,RandomForest,44
1035,102,933,0,5000,0.8665,0.8088,0.9149,0.9872,0.9817,0.992,0.984,0.9755,0.9915,0.9904,0.9839,0.9957,RandomForest,45
1035,102,933,0,5000,0.8758,0.8217,0.9239,0.9883,0.983,0.993,0.982,0.9727,0.9903,0.9946,0.9893,0.9989,RandomForest,46
